{
  "nodes": [
    {
      "op": "null", 
      "name": "sub_7", 
      "inputs": []
    }, 
    {
      "op": "null", 
      "name": "p0", 
      "inputs": []
    }, 
    {
      "op": "null", 
      "name": "p1", 
      "inputs": []
    }, 
    {
      "op": "tvm_op", 
      "name": "tvmgen_default_fused_nn_conv2d_add_clip", 
      "attrs": {
        "num_outputs": "1", 
        "num_inputs": "3", 
        "data_layout": "NHWC", 
        "kernel_layout": "HWIO4o", 
        "hash": "d9485b7062992a4e", 
        "func_name": "tvmgen_default_fused_nn_conv2d_add_clip", 
        "out_layout": "NHWC4c", 
        "flatten_data": "0"
      }, 
      "inputs": [
        [
          0, 
          0, 
          0
        ], 
        [
          1, 
          0, 
          0
        ], 
        [
          2, 
          0, 
          0
        ]
      ]
    }, 
    {
      "op": "tvm_op", 
      "name": "__copy", 
      "attrs": {
        "num_outputs": "1", 
        "num_inputs": "1", 
        "func_name": "__copy", 
        "flatten_data": "0"
      }, 
      "inputs": [
        [
          3, 
          0, 
          0
        ]
      ]
    }, 
    {
      "op": "null", 
      "name": "p2", 
      "inputs": []
    }, 
    {
      "op": "null", 
      "name": "p3", 
      "inputs": []
    }, 
    {
      "op": "tvm_op", 
      "name": "tvmgen_default_fused_nn_conv2d_add_clip_1", 
      "attrs": {
        "num_outputs": "1", 
        "num_inputs": "3", 
        "data_layout": "NHWC4c", 
        "kernel_layout": "HWOI4o", 
        "hash": "d888fd0af047d93a", 
        "func_name": "tvmgen_default_fused_nn_conv2d_add_clip_1", 
        "out_layout": "NHWC4c", 
        "flatten_data": "0"
      }, 
      "inputs": [
        [
          4, 
          0, 
          0
        ], 
        [
          5, 
          0, 
          0
        ], 
        [
          6, 
          0, 
          0
        ]
      ]
    }, 
    {
      "op": "null", 
      "name": "p4", 
      "inputs": []
    }, 
    {
      "op": "null", 
      "name": "p5", 
      "inputs": []
    }, 
    {
      "op": "tvm_op", 
      "name": "tvmgen_default_fused_nn_conv2d_add", 
      "attrs": {
        "num_outputs": "1", 
        "num_inputs": "3", 
        "data_layout": "NHWC4c", 
        "kernel_layout": "HWIO4o", 
        "hash": "32cf72ec83e42e3c", 
        "func_name": "tvmgen_default_fused_nn_conv2d_add", 
        "out_layout": "NHWC4c", 
        "flatten_data": "0"
      }, 
      "inputs": [
        [
          7, 
          0, 
          0
        ], 
        [
          8, 
          0, 
          0
        ], 
        [
          9, 
          0, 
          0
        ]
      ]
    }, 
    {
      "op": "null", 
      "name": "p6", 
      "inputs": []
    }, 
    {
      "op": "null", 
      "name": "p7", 
      "inputs": []
    }, 
    {
      "op": "tvm_op", 
      "name": "tvmgen_default_fused_nn_conv2d_add_clip_2", 
      "attrs": {
        "num_outputs": "1", 
        "num_inputs": "3", 
        "data_layout": "NHWC4c", 
        "kernel_layout": "HWIO4o", 
        "hash": "ffc9cf51d7fd8758", 
        "func_name": "tvmgen_default_fused_nn_conv2d_add_clip_2", 
        "out_layout": "NHWC4c", 
        "flatten_data": "0"
      }, 
      "inputs": [
        [
          10, 
          0, 
          0
        ], 
        [
          11, 
          0, 
          0
        ], 
        [
          12, 
          0, 
          0
        ]
      ]
    }, 
    {
      "op": "null", 
      "name": "p8", 
      "inputs": []
    }, 
    {
      "op": "null", 
      "name": "p9", 
      "inputs": []
    }, 
    {
      "op": "tvm_op", 
      "name": "tvmgen_default_fused_nn_conv2d_add_clip_3", 
      "attrs": {
        "num_outputs": "1", 
        "num_inputs": "3", 
        "data_layout": "NHWC4c", 
        "kernel_layout": "HWOI4o", 
        "hash": "e58b4c59ef9feacc", 
        "func_name": "tvmgen_default_fused_nn_conv2d_add_clip_3", 
        "out_layout": "NHWC4c", 
        "flatten_data": "0"
      }, 
      "inputs": [
        [
          13, 
          0, 
          0
        ], 
        [
          14, 
          0, 
          0
        ], 
        [
          15, 
          0, 
          0
        ]
      ]
    }, 
    {
      "op": "null", 
      "name": "p10", 
      "inputs": []
    }, 
    {
      "op": "null", 
      "name": "p11", 
      "inputs": []
    }, 
    {
      "op": "tvm_op", 
      "name": "tvmgen_default_fused_nn_conv2d_add_1", 
      "attrs": {
        "num_outputs": "1", 
        "num_inputs": "3", 
        "data_layout": "NHWC4c", 
        "kernel_layout": "HWIO4o", 
        "hash": "51872178900bfca7", 
        "func_name": "tvmgen_default_fused_nn_conv2d_add_1", 
        "out_layout": "NHWC4c", 
        "flatten_data": "0"
      }, 
      "inputs": [
        [
          16, 
          0, 
          0
        ], 
        [
          17, 
          0, 
          0
        ], 
        [
          18, 
          0, 
          0
        ]
      ]
    }, 
    {
      "op": "null", 
      "name": "p12", 
      "inputs": []
    }, 
    {
      "op": "null", 
      "name": "p13", 
      "inputs": []
    }, 
    {
      "op": "tvm_op", 
      "name": "tvmgen_default_fused_nn_conv2d_add_clip_4", 
      "attrs": {
        "num_outputs": "1", 
        "num_inputs": "3", 
        "data_layout": "NHWC4c", 
        "kernel_layout": "HWIO4o", 
        "hash": "8489289947234ef5", 
        "func_name": "tvmgen_default_fused_nn_conv2d_add_clip_4", 
        "out_layout": "NHWC4c", 
        "flatten_data": "0"
      }, 
      "inputs": [
        [
          19, 
          0, 
          0
        ], 
        [
          20, 
          0, 
          0
        ], 
        [
          21, 
          0, 
          0
        ]
      ]
    }, 
    {
      "op": "null", 
      "name": "p14", 
      "inputs": []
    }, 
    {
      "op": "null", 
      "name": "p15", 
      "inputs": []
    }, 
    {
      "op": "tvm_op", 
      "name": "tvmgen_default_fused_nn_conv2d_add_clip_5", 
      "attrs": {
        "num_outputs": "1", 
        "num_inputs": "3", 
        "data_layout": "NHWC4c", 
        "kernel_layout": "HWOI4o", 
        "hash": "7eb25b076a4ee29f", 
        "func_name": "tvmgen_default_fused_nn_conv2d_add_clip_5", 
        "out_layout": "NHWC4c", 
        "flatten_data": "0"
      }, 
      "inputs": [
        [
          22, 
          0, 
          0
        ], 
        [
          23, 
          0, 
          0
        ], 
        [
          24, 
          0, 
          0
        ]
      ]
    }, 
    {
      "op": "null", 
      "name": "p16", 
      "inputs": []
    }, 
    {
      "op": "null", 
      "name": "p17", 
      "inputs": []
    }, 
    {
      "op": "tvm_op", 
      "name": "tvmgen_default_fused_nn_conv2d_add_add", 
      "attrs": {
        "num_outputs": "1", 
        "num_inputs": "4", 
        "data_layout": "NHWC4c", 
        "kernel_layout": "HWIO4o", 
        "hash": "25fe8042bc287078", 
        "func_name": "tvmgen_default_fused_nn_conv2d_add_add", 
        "out_layout": "NHWC4c", 
        "flatten_data": "0"
      }, 
      "inputs": [
        [
          25, 
          0, 
          0
        ], 
        [
          26, 
          0, 
          0
        ], 
        [
          27, 
          0, 
          0
        ], 
        [
          19, 
          0, 
          0
        ]
      ]
    }, 
    {
      "op": "null", 
      "name": "p18", 
      "inputs": []
    }, 
    {
      "op": "null", 
      "name": "p19", 
      "inputs": []
    }, 
    {
      "op": "tvm_op", 
      "name": "tvmgen_default_fused_nn_conv2d_add_clip_6", 
      "attrs": {
        "num_outputs": "1", 
        "num_inputs": "3", 
        "data_layout": "NHWC4c", 
        "kernel_layout": "HWIO4o", 
        "hash": "8489289947234ef5", 
        "func_name": "tvmgen_default_fused_nn_conv2d_add_clip_6", 
        "out_layout": "NHWC4c", 
        "flatten_data": "0"
      }, 
      "inputs": [
        [
          28, 
          0, 
          0
        ], 
        [
          29, 
          0, 
          0
        ], 
        [
          30, 
          0, 
          0
        ]
      ]
    }, 
    {
      "op": "null", 
      "name": "p20", 
      "inputs": []
    }, 
    {
      "op": "null", 
      "name": "p21", 
      "inputs": []
    }, 
    {
      "op": "tvm_op", 
      "name": "tvmgen_default_fused_nn_conv2d_add_clip_7", 
      "attrs": {
        "num_outputs": "1", 
        "num_inputs": "3", 
        "data_layout": "NHWC4c", 
        "kernel_layout": "HWOI4o", 
        "hash": "3316ce1f18e55640", 
        "func_name": "tvmgen_default_fused_nn_conv2d_add_clip_7", 
        "out_layout": "NHWC4c", 
        "flatten_data": "0"
      }, 
      "inputs": [
        [
          31, 
          0, 
          0
        ], 
        [
          32, 
          0, 
          0
        ], 
        [
          33, 
          0, 
          0
        ]
      ]
    }, 
    {
      "op": "null", 
      "name": "p22", 
      "inputs": []
    }, 
    {
      "op": "null", 
      "name": "p23", 
      "inputs": []
    }, 
    {
      "op": "tvm_op", 
      "name": "tvmgen_default_fused_nn_conv2d_add_2", 
      "attrs": {
        "num_outputs": "1", 
        "num_inputs": "3", 
        "data_layout": "NHWC4c", 
        "kernel_layout": "HWIO4o", 
        "hash": "f4995f06ae12cf49", 
        "func_name": "tvmgen_default_fused_nn_conv2d_add_2", 
        "out_layout": "NHWC4c", 
        "flatten_data": "0"
      }, 
      "inputs": [
        [
          34, 
          0, 
          0
        ], 
        [
          35, 
          0, 
          0
        ], 
        [
          36, 
          0, 
          0
        ]
      ]
    }, 
    {
      "op": "null", 
      "name": "p24", 
      "inputs": []
    }, 
    {
      "op": "null", 
      "name": "p25", 
      "inputs": []
    }, 
    {
      "op": "tvm_op", 
      "name": "tvmgen_default_fused_nn_conv2d_add_clip_8", 
      "attrs": {
        "num_outputs": "1", 
        "num_inputs": "3", 
        "data_layout": "NHWC4c", 
        "kernel_layout": "HWIO4o", 
        "hash": "8f4b09dcd4afd864", 
        "func_name": "tvmgen_default_fused_nn_conv2d_add_clip_8", 
        "out_layout": "NHWC4c", 
        "flatten_data": "0"
      }, 
      "inputs": [
        [
          37, 
          0, 
          0
        ], 
        [
          38, 
          0, 
          0
        ], 
        [
          39, 
          0, 
          0
        ]
      ]
    }, 
    {
      "op": "null", 
      "name": "p26", 
      "inputs": []
    }, 
    {
      "op": "null", 
      "name": "p27", 
      "inputs": []
    }, 
    {
      "op": "tvm_op", 
      "name": "tvmgen_default_fused_nn_conv2d_add_clip_9", 
      "attrs": {
        "num_outputs": "1", 
        "num_inputs": "3", 
        "data_layout": "NHWC4c", 
        "kernel_layout": "HWOI4o", 
        "hash": "3b2c4219ca86eded", 
        "func_name": "tvmgen_default_fused_nn_conv2d_add_clip_9", 
        "out_layout": "NHWC4c", 
        "flatten_data": "0"
      }, 
      "inputs": [
        [
          40, 
          0, 
          0
        ], 
        [
          41, 
          0, 
          0
        ], 
        [
          42, 
          0, 
          0
        ]
      ]
    }, 
    {
      "op": "null", 
      "name": "p28", 
      "inputs": []
    }, 
    {
      "op": "null", 
      "name": "p29", 
      "inputs": []
    }, 
    {
      "op": "tvm_op", 
      "name": "tvmgen_default_fused_nn_conv2d_add_add_1", 
      "attrs": {
        "num_outputs": "1", 
        "num_inputs": "4", 
        "data_layout": "NHWC4c", 
        "kernel_layout": "HWIO4o", 
        "hash": "2d48dd3a861274f1", 
        "func_name": "tvmgen_default_fused_nn_conv2d_add_add_1", 
        "out_layout": "NHWC4c", 
        "flatten_data": "0"
      }, 
      "inputs": [
        [
          43, 
          0, 
          0
        ], 
        [
          44, 
          0, 
          0
        ], 
        [
          45, 
          0, 
          0
        ], 
        [
          37, 
          0, 
          0
        ]
      ]
    }, 
    {
      "op": "null", 
      "name": "p30", 
      "inputs": []
    }, 
    {
      "op": "null", 
      "name": "p31", 
      "inputs": []
    }, 
    {
      "op": "tvm_op", 
      "name": "tvmgen_default_fused_nn_conv2d_add_clip_10", 
      "attrs": {
        "num_outputs": "1", 
        "num_inputs": "3", 
        "data_layout": "NHWC4c", 
        "kernel_layout": "HWIO4o", 
        "hash": "8f4b09dcd4afd864", 
        "func_name": "tvmgen_default_fused_nn_conv2d_add_clip_10", 
        "out_layout": "NHWC4c", 
        "flatten_data": "0"
      }, 
      "inputs": [
        [
          46, 
          0, 
          0
        ], 
        [
          47, 
          0, 
          0
        ], 
        [
          48, 
          0, 
          0
        ]
      ]
    }, 
    {
      "op": "null", 
      "name": "p32", 
      "inputs": []
    }, 
    {
      "op": "null", 
      "name": "p33", 
      "inputs": []
    }, 
    {
      "op": "tvm_op", 
      "name": "tvmgen_default_fused_nn_conv2d_add_clip_11", 
      "attrs": {
        "num_outputs": "1", 
        "num_inputs": "3", 
        "data_layout": "NHWC4c", 
        "kernel_layout": "HWOI4o", 
        "hash": "3b2c4219ca86eded", 
        "func_name": "tvmgen_default_fused_nn_conv2d_add_clip_11", 
        "out_layout": "NHWC4c", 
        "flatten_data": "0"
      }, 
      "inputs": [
        [
          49, 
          0, 
          0
        ], 
        [
          50, 
          0, 
          0
        ], 
        [
          51, 
          0, 
          0
        ]
      ]
    }, 
    {
      "op": "null", 
      "name": "p34", 
      "inputs": []
    }, 
    {
      "op": "null", 
      "name": "p35", 
      "inputs": []
    }, 
    {
      "op": "tvm_op", 
      "name": "tvmgen_default_fused_nn_conv2d_add_add_2", 
      "attrs": {
        "num_outputs": "1", 
        "num_inputs": "4", 
        "data_layout": "NHWC4c", 
        "kernel_layout": "HWIO4o", 
        "hash": "2d48dd3a861274f1", 
        "func_name": "tvmgen_default_fused_nn_conv2d_add_add_2", 
        "out_layout": "NHWC4c", 
        "flatten_data": "0"
      }, 
      "inputs": [
        [
          52, 
          0, 
          0
        ], 
        [
          53, 
          0, 
          0
        ], 
        [
          54, 
          0, 
          0
        ], 
        [
          46, 
          0, 
          0
        ]
      ]
    }, 
    {
      "op": "null", 
      "name": "p36", 
      "inputs": []
    }, 
    {
      "op": "null", 
      "name": "p37", 
      "inputs": []
    }, 
    {
      "op": "tvm_op", 
      "name": "tvmgen_default_fused_nn_conv2d_add_clip_12", 
      "attrs": {
        "num_outputs": "1", 
        "num_inputs": "3", 
        "data_layout": "NHWC4c", 
        "kernel_layout": "HWIO4o", 
        "hash": "8f4b09dcd4afd864", 
        "func_name": "tvmgen_default_fused_nn_conv2d_add_clip_12", 
        "out_layout": "NHWC4c", 
        "flatten_data": "0"
      }, 
      "inputs": [
        [
          55, 
          0, 
          0
        ], 
        [
          56, 
          0, 
          0
        ], 
        [
          57, 
          0, 
          0
        ]
      ]
    }, 
    {
      "op": "null", 
      "name": "p38", 
      "inputs": []
    }, 
    {
      "op": "null", 
      "name": "p39", 
      "inputs": []
    }, 
    {
      "op": "tvm_op", 
      "name": "tvmgen_default_fused_nn_conv2d_add_clip_13", 
      "attrs": {
        "num_outputs": "1", 
        "num_inputs": "3", 
        "data_layout": "NHWC4c", 
        "kernel_layout": "HWOI4o", 
        "hash": "3b2c4219ca86eded", 
        "func_name": "tvmgen_default_fused_nn_conv2d_add_clip_13", 
        "out_layout": "NHWC4c", 
        "flatten_data": "0"
      }, 
      "inputs": [
        [
          58, 
          0, 
          0
        ], 
        [
          59, 
          0, 
          0
        ], 
        [
          60, 
          0, 
          0
        ]
      ]
    }, 
    {
      "op": "null", 
      "name": "p40", 
      "inputs": []
    }, 
    {
      "op": "null", 
      "name": "p41", 
      "inputs": []
    }, 
    {
      "op": "tvm_op", 
      "name": "tvmgen_default_fused_nn_conv2d_add_3", 
      "attrs": {
        "num_outputs": "1", 
        "num_inputs": "3", 
        "data_layout": "NHWC4c", 
        "kernel_layout": "HWIO4o", 
        "hash": "59357b93806f9b2d", 
        "func_name": "tvmgen_default_fused_nn_conv2d_add_3", 
        "out_layout": "NHWC4c", 
        "flatten_data": "0"
      }, 
      "inputs": [
        [
          61, 
          0, 
          0
        ], 
        [
          62, 
          0, 
          0
        ], 
        [
          63, 
          0, 
          0
        ]
      ]
    }, 
    {
      "op": "null", 
      "name": "p42", 
      "inputs": []
    }, 
    {
      "op": "null", 
      "name": "p43", 
      "inputs": []
    }, 
    {
      "op": "tvm_op", 
      "name": "tvmgen_default_fused_nn_conv2d_add_clip_14", 
      "attrs": {
        "num_outputs": "1", 
        "num_inputs": "3", 
        "data_layout": "NHWC4c", 
        "kernel_layout": "HWIO4o", 
        "hash": "2c015b126a6c5c7b", 
        "func_name": "tvmgen_default_fused_nn_conv2d_add_clip_14", 
        "out_layout": "NHWC4c", 
        "flatten_data": "0"
      }, 
      "inputs": [
        [
          64, 
          0, 
          0
        ], 
        [
          65, 
          0, 
          0
        ], 
        [
          66, 
          0, 
          0
        ]
      ]
    }, 
    {
      "op": "null", 
      "name": "p44", 
      "inputs": []
    }, 
    {
      "op": "null", 
      "name": "p45", 
      "inputs": []
    }, 
    {
      "op": "tvm_op", 
      "name": "tvmgen_default_fused_nn_conv2d_add_clip_15", 
      "attrs": {
        "num_outputs": "1", 
        "num_inputs": "3", 
        "data_layout": "NHWC4c", 
        "kernel_layout": "HWOI4o", 
        "hash": "9ffc5bee137fbea5", 
        "func_name": "tvmgen_default_fused_nn_conv2d_add_clip_15", 
        "out_layout": "NHWC4c", 
        "flatten_data": "0"
      }, 
      "inputs": [
        [
          67, 
          0, 
          0
        ], 
        [
          68, 
          0, 
          0
        ], 
        [
          69, 
          0, 
          0
        ]
      ]
    }, 
    {
      "op": "null", 
      "name": "p46", 
      "inputs": []
    }, 
    {
      "op": "null", 
      "name": "p47", 
      "inputs": []
    }, 
    {
      "op": "tvm_op", 
      "name": "tvmgen_default_fused_nn_conv2d_add_add_3", 
      "attrs": {
        "num_outputs": "1", 
        "num_inputs": "4", 
        "data_layout": "NHWC4c", 
        "kernel_layout": "HWIO4o", 
        "hash": "d0e9ebdb38d1fd35", 
        "func_name": "tvmgen_default_fused_nn_conv2d_add_add_3", 
        "out_layout": "NHWC4c", 
        "flatten_data": "0"
      }, 
      "inputs": [
        [
          70, 
          0, 
          0
        ], 
        [
          71, 
          0, 
          0
        ], 
        [
          72, 
          0, 
          0
        ], 
        [
          64, 
          0, 
          0
        ]
      ]
    }, 
    {
      "op": "null", 
      "name": "p48", 
      "inputs": []
    }, 
    {
      "op": "null", 
      "name": "p49", 
      "inputs": []
    }, 
    {
      "op": "tvm_op", 
      "name": "tvmgen_default_fused_nn_conv2d_add_clip_16", 
      "attrs": {
        "num_outputs": "1", 
        "num_inputs": "3", 
        "data_layout": "NHWC4c", 
        "kernel_layout": "HWIO4o", 
        "hash": "2c015b126a6c5c7b", 
        "func_name": "tvmgen_default_fused_nn_conv2d_add_clip_16", 
        "out_layout": "NHWC4c", 
        "flatten_data": "0"
      }, 
      "inputs": [
        [
          73, 
          0, 
          0
        ], 
        [
          74, 
          0, 
          0
        ], 
        [
          75, 
          0, 
          0
        ]
      ]
    }, 
    {
      "op": "null", 
      "name": "p50", 
      "inputs": []
    }, 
    {
      "op": "null", 
      "name": "p51", 
      "inputs": []
    }, 
    {
      "op": "tvm_op", 
      "name": "tvmgen_default_fused_nn_conv2d_add_clip_17", 
      "attrs": {
        "num_outputs": "1", 
        "num_inputs": "3", 
        "data_layout": "NHWC4c", 
        "kernel_layout": "HWOI4o", 
        "hash": "9ffc5bee137fbea5", 
        "func_name": "tvmgen_default_fused_nn_conv2d_add_clip_17", 
        "out_layout": "NHWC4c", 
        "flatten_data": "0"
      }, 
      "inputs": [
        [
          76, 
          0, 
          0
        ], 
        [
          77, 
          0, 
          0
        ], 
        [
          78, 
          0, 
          0
        ]
      ]
    }, 
    {
      "op": "null", 
      "name": "p52", 
      "inputs": []
    }, 
    {
      "op": "null", 
      "name": "p53", 
      "inputs": []
    }, 
    {
      "op": "tvm_op", 
      "name": "tvmgen_default_fused_nn_conv2d_add_add_4", 
      "attrs": {
        "num_outputs": "1", 
        "num_inputs": "4", 
        "data_layout": "NHWC4c", 
        "kernel_layout": "HWIO4o", 
        "hash": "d0e9ebdb38d1fd35", 
        "func_name": "tvmgen_default_fused_nn_conv2d_add_add_4", 
        "out_layout": "NHWC4c", 
        "flatten_data": "0"
      }, 
      "inputs": [
        [
          79, 
          0, 
          0
        ], 
        [
          80, 
          0, 
          0
        ], 
        [
          81, 
          0, 
          0
        ], 
        [
          73, 
          0, 
          0
        ]
      ]
    }, 
    {
      "op": "null", 
      "name": "p54", 
      "inputs": []
    }, 
    {
      "op": "null", 
      "name": "p55", 
      "inputs": []
    }, 
    {
      "op": "tvm_op", 
      "name": "tvmgen_default_fused_nn_conv2d_add_clip_18", 
      "attrs": {
        "num_outputs": "1", 
        "num_inputs": "3", 
        "data_layout": "NHWC4c", 
        "kernel_layout": "HWIO4o", 
        "hash": "2c015b126a6c5c7b", 
        "func_name": "tvmgen_default_fused_nn_conv2d_add_clip_18", 
        "out_layout": "NHWC4c", 
        "flatten_data": "0"
      }, 
      "inputs": [
        [
          82, 
          0, 
          0
        ], 
        [
          83, 
          0, 
          0
        ], 
        [
          84, 
          0, 
          0
        ]
      ]
    }, 
    {
      "op": "null", 
      "name": "p56", 
      "inputs": []
    }, 
    {
      "op": "null", 
      "name": "p57", 
      "inputs": []
    }, 
    {
      "op": "tvm_op", 
      "name": "tvmgen_default_fused_nn_conv2d_add_clip_19", 
      "attrs": {
        "num_outputs": "1", 
        "num_inputs": "3", 
        "data_layout": "NHWC4c", 
        "kernel_layout": "HWOI4o", 
        "hash": "9ffc5bee137fbea5", 
        "func_name": "tvmgen_default_fused_nn_conv2d_add_clip_19", 
        "out_layout": "NHWC4c", 
        "flatten_data": "0"
      }, 
      "inputs": [
        [
          85, 
          0, 
          0
        ], 
        [
          86, 
          0, 
          0
        ], 
        [
          87, 
          0, 
          0
        ]
      ]
    }, 
    {
      "op": "null", 
      "name": "p58", 
      "inputs": []
    }, 
    {
      "op": "null", 
      "name": "p59", 
      "inputs": []
    }, 
    {
      "op": "tvm_op", 
      "name": "tvmgen_default_fused_nn_conv2d_add_add_5", 
      "attrs": {
        "num_outputs": "1", 
        "num_inputs": "4", 
        "data_layout": "NHWC4c", 
        "kernel_layout": "HWIO4o", 
        "hash": "d0e9ebdb38d1fd35", 
        "func_name": "tvmgen_default_fused_nn_conv2d_add_add_5", 
        "out_layout": "NHWC4c", 
        "flatten_data": "0"
      }, 
      "inputs": [
        [
          88, 
          0, 
          0
        ], 
        [
          89, 
          0, 
          0
        ], 
        [
          90, 
          0, 
          0
        ], 
        [
          82, 
          0, 
          0
        ]
      ]
    }, 
    {
      "op": "null", 
      "name": "p60", 
      "inputs": []
    }, 
    {
      "op": "null", 
      "name": "p61", 
      "inputs": []
    }, 
    {
      "op": "tvm_op", 
      "name": "tvmgen_default_fused_nn_conv2d_add_clip_20", 
      "attrs": {
        "num_outputs": "1", 
        "num_inputs": "3", 
        "data_layout": "NHWC4c", 
        "kernel_layout": "HWIO4o", 
        "hash": "2c015b126a6c5c7b", 
        "func_name": "tvmgen_default_fused_nn_conv2d_add_clip_20", 
        "out_layout": "NHWC4c", 
        "flatten_data": "0"
      }, 
      "inputs": [
        [
          91, 
          0, 
          0
        ], 
        [
          92, 
          0, 
          0
        ], 
        [
          93, 
          0, 
          0
        ]
      ]
    }, 
    {
      "op": "null", 
      "name": "p62", 
      "inputs": []
    }, 
    {
      "op": "null", 
      "name": "p63", 
      "inputs": []
    }, 
    {
      "op": "tvm_op", 
      "name": "tvmgen_default_fused_nn_conv2d_add_clip_21", 
      "attrs": {
        "num_outputs": "1", 
        "num_inputs": "3", 
        "data_layout": "NHWC4c", 
        "kernel_layout": "HWOI4o", 
        "hash": "9ffc5bee137fbea5", 
        "func_name": "tvmgen_default_fused_nn_conv2d_add_clip_21", 
        "out_layout": "NHWC4c", 
        "flatten_data": "0"
      }, 
      "inputs": [
        [
          94, 
          0, 
          0
        ], 
        [
          95, 
          0, 
          0
        ], 
        [
          96, 
          0, 
          0
        ]
      ]
    }, 
    {
      "op": "null", 
      "name": "p64", 
      "inputs": []
    }, 
    {
      "op": "null", 
      "name": "p65", 
      "inputs": []
    }, 
    {
      "op": "tvm_op", 
      "name": "tvmgen_default_fused_nn_conv2d_add_4", 
      "attrs": {
        "num_outputs": "1", 
        "num_inputs": "3", 
        "data_layout": "NHWC4c", 
        "kernel_layout": "HWIO4o", 
        "hash": "11e4e064e1053f5c", 
        "func_name": "tvmgen_default_fused_nn_conv2d_add_4", 
        "out_layout": "NHWC4c", 
        "flatten_data": "0"
      }, 
      "inputs": [
        [
          97, 
          0, 
          0
        ], 
        [
          98, 
          0, 
          0
        ], 
        [
          99, 
          0, 
          0
        ]
      ]
    }, 
    {
      "op": "null", 
      "name": "p66", 
      "inputs": []
    }, 
    {
      "op": "null", 
      "name": "p67", 
      "inputs": []
    }, 
    {
      "op": "tvm_op", 
      "name": "tvmgen_default_fused_nn_conv2d_add_clip_22", 
      "attrs": {
        "num_outputs": "1", 
        "num_inputs": "3", 
        "data_layout": "NHWC4c", 
        "kernel_layout": "HWIO4o", 
        "hash": "359ca814d4f89db9", 
        "func_name": "tvmgen_default_fused_nn_conv2d_add_clip_22", 
        "out_layout": "NHWC4c", 
        "flatten_data": "0"
      }, 
      "inputs": [
        [
          100, 
          0, 
          0
        ], 
        [
          101, 
          0, 
          0
        ], 
        [
          102, 
          0, 
          0
        ]
      ]
    }, 
    {
      "op": "null", 
      "name": "p68", 
      "inputs": []
    }, 
    {
      "op": "null", 
      "name": "p69", 
      "inputs": []
    }, 
    {
      "op": "tvm_op", 
      "name": "tvmgen_default_fused_nn_conv2d_add_clip_23", 
      "attrs": {
        "num_outputs": "1", 
        "num_inputs": "3", 
        "data_layout": "NHWC4c", 
        "kernel_layout": "HWOI4o", 
        "hash": "d0916fa9a52d6ba9", 
        "func_name": "tvmgen_default_fused_nn_conv2d_add_clip_23", 
        "out_layout": "NHWC4c", 
        "flatten_data": "0"
      }, 
      "inputs": [
        [
          103, 
          0, 
          0
        ], 
        [
          104, 
          0, 
          0
        ], 
        [
          105, 
          0, 
          0
        ]
      ]
    }, 
    {
      "op": "null", 
      "name": "p70", 
      "inputs": []
    }, 
    {
      "op": "null", 
      "name": "p71", 
      "inputs": []
    }, 
    {
      "op": "tvm_op", 
      "name": "tvmgen_default_fused_nn_conv2d_add_add_6", 
      "attrs": {
        "num_outputs": "1", 
        "num_inputs": "4", 
        "data_layout": "NHWC4c", 
        "kernel_layout": "HWIO4o", 
        "hash": "f91508c36d16a227", 
        "func_name": "tvmgen_default_fused_nn_conv2d_add_add_6", 
        "out_layout": "NHWC4c", 
        "flatten_data": "0"
      }, 
      "inputs": [
        [
          106, 
          0, 
          0
        ], 
        [
          107, 
          0, 
          0
        ], 
        [
          108, 
          0, 
          0
        ], 
        [
          100, 
          0, 
          0
        ]
      ]
    }, 
    {
      "op": "null", 
      "name": "p72", 
      "inputs": []
    }, 
    {
      "op": "null", 
      "name": "p73", 
      "inputs": []
    }, 
    {
      "op": "tvm_op", 
      "name": "tvmgen_default_fused_nn_conv2d_add_clip_24", 
      "attrs": {
        "num_outputs": "1", 
        "num_inputs": "3", 
        "data_layout": "NHWC4c", 
        "kernel_layout": "HWIO4o", 
        "hash": "359ca814d4f89db9", 
        "func_name": "tvmgen_default_fused_nn_conv2d_add_clip_24", 
        "out_layout": "NHWC4c", 
        "flatten_data": "0"
      }, 
      "inputs": [
        [
          109, 
          0, 
          0
        ], 
        [
          110, 
          0, 
          0
        ], 
        [
          111, 
          0, 
          0
        ]
      ]
    }, 
    {
      "op": "null", 
      "name": "p74", 
      "inputs": []
    }, 
    {
      "op": "null", 
      "name": "p75", 
      "inputs": []
    }, 
    {
      "op": "tvm_op", 
      "name": "tvmgen_default_fused_nn_conv2d_add_clip_25", 
      "attrs": {
        "num_outputs": "1", 
        "num_inputs": "3", 
        "data_layout": "NHWC4c", 
        "kernel_layout": "HWOI4o", 
        "hash": "d0916fa9a52d6ba9", 
        "func_name": "tvmgen_default_fused_nn_conv2d_add_clip_25", 
        "out_layout": "NHWC4c", 
        "flatten_data": "0"
      }, 
      "inputs": [
        [
          112, 
          0, 
          0
        ], 
        [
          113, 
          0, 
          0
        ], 
        [
          114, 
          0, 
          0
        ]
      ]
    }, 
    {
      "op": "null", 
      "name": "p76", 
      "inputs": []
    }, 
    {
      "op": "null", 
      "name": "p77", 
      "inputs": []
    }, 
    {
      "op": "tvm_op", 
      "name": "tvmgen_default_fused_nn_conv2d_add_add_7", 
      "attrs": {
        "num_outputs": "1", 
        "num_inputs": "4", 
        "data_layout": "NHWC4c", 
        "kernel_layout": "HWIO4o", 
        "hash": "f91508c36d16a227", 
        "func_name": "tvmgen_default_fused_nn_conv2d_add_add_7", 
        "out_layout": "NHWC4c", 
        "flatten_data": "0"
      }, 
      "inputs": [
        [
          115, 
          0, 
          0
        ], 
        [
          116, 
          0, 
          0
        ], 
        [
          117, 
          0, 
          0
        ], 
        [
          109, 
          0, 
          0
        ]
      ]
    }, 
    {
      "op": "null", 
      "name": "p78", 
      "inputs": []
    }, 
    {
      "op": "null", 
      "name": "p79", 
      "inputs": []
    }, 
    {
      "op": "tvm_op", 
      "name": "tvmgen_default_fused_nn_conv2d_add_clip_26", 
      "attrs": {
        "num_outputs": "1", 
        "num_inputs": "3", 
        "data_layout": "NHWC4c", 
        "kernel_layout": "HWIO4o", 
        "hash": "359ca814d4f89db9", 
        "func_name": "tvmgen_default_fused_nn_conv2d_add_clip_26", 
        "out_layout": "NHWC4c", 
        "flatten_data": "0"
      }, 
      "inputs": [
        [
          118, 
          0, 
          0
        ], 
        [
          119, 
          0, 
          0
        ], 
        [
          120, 
          0, 
          0
        ]
      ]
    }, 
    {
      "op": "null", 
      "name": "p80", 
      "inputs": []
    }, 
    {
      "op": "null", 
      "name": "p81", 
      "inputs": []
    }, 
    {
      "op": "tvm_op", 
      "name": "tvmgen_default_fused_nn_conv2d_add_clip_27", 
      "attrs": {
        "num_outputs": "1", 
        "num_inputs": "3", 
        "data_layout": "NHWC4c", 
        "kernel_layout": "HWOI4o", 
        "hash": "d0916fa9a52d6ba9", 
        "func_name": "tvmgen_default_fused_nn_conv2d_add_clip_27", 
        "out_layout": "NHWC4c", 
        "flatten_data": "0"
      }, 
      "inputs": [
        [
          121, 
          0, 
          0
        ], 
        [
          122, 
          0, 
          0
        ], 
        [
          123, 
          0, 
          0
        ]
      ]
    }, 
    {
      "op": "null", 
      "name": "p82", 
      "inputs": []
    }, 
    {
      "op": "null", 
      "name": "p83", 
      "inputs": []
    }, 
    {
      "op": "tvm_op", 
      "name": "tvmgen_default_fused_nn_conv2d_add_5", 
      "attrs": {
        "num_outputs": "1", 
        "num_inputs": "3", 
        "data_layout": "NHWC4c", 
        "kernel_layout": "HWIO4o", 
        "hash": "864525fbd9b1d641", 
        "func_name": "tvmgen_default_fused_nn_conv2d_add_5", 
        "out_layout": "NHWC4c", 
        "flatten_data": "0"
      }, 
      "inputs": [
        [
          124, 
          0, 
          0
        ], 
        [
          125, 
          0, 
          0
        ], 
        [
          126, 
          0, 
          0
        ]
      ]
    }, 
    {
      "op": "null", 
      "name": "p84", 
      "inputs": []
    }, 
    {
      "op": "null", 
      "name": "p85", 
      "inputs": []
    }, 
    {
      "op": "tvm_op", 
      "name": "tvmgen_default_fused_nn_conv2d_add_clip_28", 
      "attrs": {
        "num_outputs": "1", 
        "num_inputs": "3", 
        "data_layout": "NHWC4c", 
        "kernel_layout": "HWIO4o", 
        "hash": "4180a3ad351fd0ff", 
        "func_name": "tvmgen_default_fused_nn_conv2d_add_clip_28", 
        "out_layout": "NHWC4c", 
        "flatten_data": "0"
      }, 
      "inputs": [
        [
          127, 
          0, 
          0
        ], 
        [
          128, 
          0, 
          0
        ], 
        [
          129, 
          0, 
          0
        ]
      ]
    }, 
    {
      "op": "null", 
      "name": "p86", 
      "inputs": []
    }, 
    {
      "op": "null", 
      "name": "p87", 
      "inputs": []
    }, 
    {
      "op": "tvm_op", 
      "name": "tvmgen_default_fused_nn_conv2d_add_clip_29", 
      "attrs": {
        "num_outputs": "1", 
        "num_inputs": "3", 
        "data_layout": "NHWC4c", 
        "kernel_layout": "HWOI4o", 
        "hash": "27d2eb8c98fddbaf", 
        "func_name": "tvmgen_default_fused_nn_conv2d_add_clip_29", 
        "out_layout": "NHWC4c", 
        "flatten_data": "0"
      }, 
      "inputs": [
        [
          130, 
          0, 
          0
        ], 
        [
          131, 
          0, 
          0
        ], 
        [
          132, 
          0, 
          0
        ]
      ]
    }, 
    {
      "op": "null", 
      "name": "p88", 
      "inputs": []
    }, 
    {
      "op": "null", 
      "name": "p89", 
      "inputs": []
    }, 
    {
      "op": "tvm_op", 
      "name": "tvmgen_default_fused_nn_conv2d_add_add_8", 
      "attrs": {
        "num_outputs": "1", 
        "num_inputs": "4", 
        "data_layout": "NHWC4c", 
        "kernel_layout": "HWIO4o", 
        "hash": "b4237eeb6793f751", 
        "func_name": "tvmgen_default_fused_nn_conv2d_add_add_8", 
        "out_layout": "NHWC4c", 
        "flatten_data": "0"
      }, 
      "inputs": [
        [
          133, 
          0, 
          0
        ], 
        [
          134, 
          0, 
          0
        ], 
        [
          135, 
          0, 
          0
        ], 
        [
          127, 
          0, 
          0
        ]
      ]
    }, 
    {
      "op": "null", 
      "name": "p90", 
      "inputs": []
    }, 
    {
      "op": "null", 
      "name": "p91", 
      "inputs": []
    }, 
    {
      "op": "tvm_op", 
      "name": "tvmgen_default_fused_nn_conv2d_add_clip_30", 
      "attrs": {
        "num_outputs": "1", 
        "num_inputs": "3", 
        "data_layout": "NHWC4c", 
        "kernel_layout": "HWIO4o", 
        "hash": "4180a3ad351fd0ff", 
        "func_name": "tvmgen_default_fused_nn_conv2d_add_clip_30", 
        "out_layout": "NHWC4c", 
        "flatten_data": "0"
      }, 
      "inputs": [
        [
          136, 
          0, 
          0
        ], 
        [
          137, 
          0, 
          0
        ], 
        [
          138, 
          0, 
          0
        ]
      ]
    }, 
    {
      "op": "null", 
      "name": "p92", 
      "inputs": []
    }, 
    {
      "op": "null", 
      "name": "p93", 
      "inputs": []
    }, 
    {
      "op": "tvm_op", 
      "name": "tvmgen_default_fused_nn_conv2d_add_clip_31", 
      "attrs": {
        "num_outputs": "1", 
        "num_inputs": "3", 
        "data_layout": "NHWC4c", 
        "kernel_layout": "HWOI4o", 
        "hash": "27d2eb8c98fddbaf", 
        "func_name": "tvmgen_default_fused_nn_conv2d_add_clip_31", 
        "out_layout": "NHWC4c", 
        "flatten_data": "0"
      }, 
      "inputs": [
        [
          139, 
          0, 
          0
        ], 
        [
          140, 
          0, 
          0
        ], 
        [
          141, 
          0, 
          0
        ]
      ]
    }, 
    {
      "op": "null", 
      "name": "p94", 
      "inputs": []
    }, 
    {
      "op": "null", 
      "name": "p95", 
      "inputs": []
    }, 
    {
      "op": "tvm_op", 
      "name": "tvmgen_default_fused_nn_conv2d_add_add_9", 
      "attrs": {
        "num_outputs": "1", 
        "num_inputs": "4", 
        "data_layout": "NHWC4c", 
        "kernel_layout": "HWIO4o", 
        "hash": "b4237eeb6793f751", 
        "func_name": "tvmgen_default_fused_nn_conv2d_add_add_9", 
        "out_layout": "NHWC4c", 
        "flatten_data": "0"
      }, 
      "inputs": [
        [
          142, 
          0, 
          0
        ], 
        [
          143, 
          0, 
          0
        ], 
        [
          144, 
          0, 
          0
        ], 
        [
          136, 
          0, 
          0
        ]
      ]
    }, 
    {
      "op": "null", 
      "name": "p96", 
      "inputs": []
    }, 
    {
      "op": "null", 
      "name": "p97", 
      "inputs": []
    }, 
    {
      "op": "tvm_op", 
      "name": "tvmgen_default_fused_nn_conv2d_add_clip_32", 
      "attrs": {
        "num_outputs": "1", 
        "num_inputs": "3", 
        "data_layout": "NHWC4c", 
        "kernel_layout": "HWIO4o", 
        "hash": "4180a3ad351fd0ff", 
        "func_name": "tvmgen_default_fused_nn_conv2d_add_clip_32", 
        "out_layout": "NHWC4c", 
        "flatten_data": "0"
      }, 
      "inputs": [
        [
          145, 
          0, 
          0
        ], 
        [
          146, 
          0, 
          0
        ], 
        [
          147, 
          0, 
          0
        ]
      ]
    }, 
    {
      "op": "null", 
      "name": "p98", 
      "inputs": []
    }, 
    {
      "op": "null", 
      "name": "p99", 
      "inputs": []
    }, 
    {
      "op": "tvm_op", 
      "name": "tvmgen_default_fused_nn_conv2d_add_clip_33", 
      "attrs": {
        "num_outputs": "1", 
        "num_inputs": "3", 
        "data_layout": "NHWC4c", 
        "kernel_layout": "HWOI4o", 
        "hash": "27d2eb8c98fddbaf", 
        "func_name": "tvmgen_default_fused_nn_conv2d_add_clip_33", 
        "out_layout": "NHWC4c", 
        "flatten_data": "0"
      }, 
      "inputs": [
        [
          148, 
          0, 
          0
        ], 
        [
          149, 
          0, 
          0
        ], 
        [
          150, 
          0, 
          0
        ]
      ]
    }, 
    {
      "op": "null", 
      "name": "p100", 
      "inputs": []
    }, 
    {
      "op": "null", 
      "name": "p101", 
      "inputs": []
    }, 
    {
      "op": "tvm_op", 
      "name": "tvmgen_default_fused_nn_conv2d_add_6", 
      "attrs": {
        "num_outputs": "1", 
        "num_inputs": "3", 
        "data_layout": "NHWC4c", 
        "kernel_layout": "HWIO4o", 
        "hash": "dc0a154af653064a", 
        "func_name": "tvmgen_default_fused_nn_conv2d_add_6", 
        "out_layout": "NHWC4c", 
        "flatten_data": "0"
      }, 
      "inputs": [
        [
          151, 
          0, 
          0
        ], 
        [
          152, 
          0, 
          0
        ], 
        [
          153, 
          0, 
          0
        ]
      ]
    }, 
    {
      "op": "tvm_op", 
      "name": "tvmgen_default_fused_nn_avg_pool2d", 
      "attrs": {
        "num_outputs": "1", 
        "out_layout": "", 
        "hash": "4f6b7723f16c73bb", 
        "func_name": "tvmgen_default_fused_nn_avg_pool2d", 
        "layout": "NHWC4c", 
        "flatten_data": "0", 
        "num_inputs": "1"
      }, 
      "inputs": [
        [
          154, 
          0, 
          0
        ]
      ]
    }, 
    {
      "op": "tvm_op", 
      "name": "__copy_1", 
      "attrs": {
        "num_outputs": "1", 
        "num_inputs": "1", 
        "func_name": "__copy", 
        "flatten_data": "0"
      }, 
      "inputs": [
        [
          155, 
          0, 
          0
        ]
      ]
    }, 
    {
      "op": "null", 
      "name": "p102", 
      "inputs": []
    }, 
    {
      "op": "null", 
      "name": "p103", 
      "inputs": []
    }, 
    {
      "op": "tvm_op", 
      "name": "tvmgen_default_fused_nn_conv2d_add_nn_relu", 
      "attrs": {
        "num_outputs": "1", 
        "num_inputs": "3", 
        "data_layout": "NHWC4c", 
        "kernel_layout": "HWIO4o", 
        "hash": "9f48671ac2fd857a", 
        "func_name": "tvmgen_default_fused_nn_conv2d_add_nn_relu", 
        "out_layout": "NHWC4c", 
        "flatten_data": "0"
      }, 
      "inputs": [
        [
          156, 
          0, 
          0
        ], 
        [
          157, 
          0, 
          0
        ], 
        [
          158, 
          0, 
          0
        ]
      ]
    }, 
    {
      "op": "tvm_op", 
      "name": "__copy_2", 
      "attrs": {
        "num_outputs": "1", 
        "num_inputs": "1", 
        "func_name": "__copy", 
        "flatten_data": "0"
      }, 
      "inputs": [
        [
          154, 
          0, 
          0
        ]
      ]
    }, 
    {
      "op": "null", 
      "name": "p104", 
      "inputs": []
    }, 
    {
      "op": "null", 
      "name": "p105", 
      "inputs": []
    }, 
    {
      "op": "tvm_op", 
      "name": "tvmgen_default_fused_nn_conv2d_add_nn_relu_1", 
      "attrs": {
        "num_outputs": "1", 
        "num_inputs": "3", 
        "data_layout": "NHWC4c", 
        "kernel_layout": "HWIO4o", 
        "hash": "07bfeb28133adc46", 
        "func_name": "tvmgen_default_fused_nn_conv2d_add_nn_relu_1", 
        "out_layout": "NHWC4c", 
        "flatten_data": "0"
      }, 
      "inputs": [
        [
          160, 
          0, 
          0
        ], 
        [
          161, 
          0, 
          0
        ], 
        [
          162, 
          0, 
          0
        ]
      ]
    }, 
    {
      "op": "tvm_op", 
      "name": "tvmgen_default_fused_layout_transform_image_resize2d_layout_transform_concatenate_layout_transf_1bf4794317454c42_", 
      "attrs": {
        "num_outputs": "1", 
        "num_inputs": "2", 
        "layout": "NHWC", 
        "src_layout": "NHWC", 
        "flatten_data": "0", 
        "dst_layout": "NHWC4c", 
        "hash": "4a9f3543468de4e5", 
        "func_name": "tvmgen_default_fused_layout_transform_image_resize2d_layout_transform_concatenate_layout_transf_1bf4794317454c42_"
      }, 
      "inputs": [
        [
          159, 
          0, 
          0
        ], 
        [
          163, 
          0, 
          0
        ]
      ]
    }, 
    {
      "op": "tvm_op", 
      "name": "__copy_3", 
      "attrs": {
        "num_outputs": "1", 
        "num_inputs": "1", 
        "func_name": "__copy", 
        "flatten_data": "0"
      }, 
      "inputs": [
        [
          164, 
          0, 
          0
        ]
      ]
    }, 
    {
      "op": "null", 
      "name": "p106", 
      "inputs": []
    }, 
    {
      "op": "null", 
      "name": "p107", 
      "inputs": []
    }, 
    {
      "op": "tvm_op", 
      "name": "tvmgen_default_fused_nn_conv2d_add_nn_relu_2", 
      "attrs": {
        "num_outputs": "1", 
        "num_inputs": "3", 
        "data_layout": "NHWC4c", 
        "kernel_layout": "HWIO4o", 
        "hash": "55b3d36b70696fe0", 
        "func_name": "tvmgen_default_fused_nn_conv2d_add_nn_relu_2", 
        "out_layout": "NHWC4c", 
        "flatten_data": "0"
      }, 
      "inputs": [
        [
          165, 
          0, 
          0
        ], 
        [
          166, 
          0, 
          0
        ], 
        [
          167, 
          0, 
          0
        ]
      ]
    }, 
    {
      "op": "tvm_op", 
      "name": "tvmgen_default_fused_layout_transform", 
      "attrs": {
        "num_outputs": "1", 
        "src_layout": "NHWC4c", 
        "flatten_data": "0", 
        "dst_layout": "NHWC", 
        "hash": "4363b17afdcb511d", 
        "func_name": "tvmgen_default_fused_layout_transform", 
        "num_inputs": "1"
      }, 
      "inputs": [
        [
          168, 
          0, 
          0
        ]
      ]
    }, 
    {
      "op": "null", 
      "name": "p108", 
      "inputs": []
    }, 
    {
      "op": "null", 
      "name": "p109", 
      "inputs": []
    }, 
    {
      "op": "tvm_op", 
      "name": "tvmgen_default_fused_nn_conv2d_add_7", 
      "attrs": {
        "num_outputs": "1", 
        "num_inputs": "3", 
        "out_layout": "", 
        "kernel_layout": "HWIO", 
        "hash": "ae4a3827b39f4ea6", 
        "func_name": "tvmgen_default_fused_nn_conv2d_add_7", 
        "data_layout": "NHWC", 
        "flatten_data": "0"
      }, 
      "inputs": [
        [
          169, 
          0, 
          0
        ], 
        [
          170, 
          0, 
          0
        ], 
        [
          171, 
          0, 
          0
        ]
      ]
    }, 
    {
      "op": "tvm_op", 
      "name": "tvmgen_default_fused_image_resize2d", 
      "attrs": {
        "num_outputs": "1", 
        "num_inputs": "1", 
        "flatten_data": "0", 
        "func_name": "tvmgen_default_fused_image_resize2d", 
        "hash": "4a9f297c8a33de9e", 
        "layout": "NHWC"
      }, 
      "inputs": [
        [
          172, 
          0, 
          0
        ]
      ]
    }
  ], 
  "arg_nodes": [
    0, 
    1, 
    2, 
    5, 
    6, 
    8, 
    9, 
    11, 
    12, 
    14, 
    15, 
    17, 
    18, 
    20, 
    21, 
    23, 
    24, 
    26, 
    27, 
    29, 
    30, 
    32, 
    33, 
    35, 
    36, 
    38, 
    39, 
    41, 
    42, 
    44, 
    45, 
    47, 
    48, 
    50, 
    51, 
    53, 
    54, 
    56, 
    57, 
    59, 
    60, 
    62, 
    63, 
    65, 
    66, 
    68, 
    69, 
    71, 
    72, 
    74, 
    75, 
    77, 
    78, 
    80, 
    81, 
    83, 
    84, 
    86, 
    87, 
    89, 
    90, 
    92, 
    93, 
    95, 
    96, 
    98, 
    99, 
    101, 
    102, 
    104, 
    105, 
    107, 
    108, 
    110, 
    111, 
    113, 
    114, 
    116, 
    117, 
    119, 
    120, 
    122, 
    123, 
    125, 
    126, 
    128, 
    129, 
    131, 
    132, 
    134, 
    135, 
    137, 
    138, 
    140, 
    141, 
    143, 
    144, 
    146, 
    147, 
    149, 
    150, 
    152, 
    153, 
    157, 
    158, 
    161, 
    162, 
    166, 
    167, 
    170, 
    171
  ], 
  "heads": [
    [
      173, 
      0, 
      0
    ]
  ], 
  "attrs": {
    "dltype": [
      "list_str", 
      [
        "float32", 
        "float32", 
        "float32", 
        "float32", 
        "float32", 
        "float32", 
        "float32", 
        "float32", 
        "float32", 
        "float32", 
        "float32", 
        "float32", 
        "float32", 
        "float32", 
        "float32", 
        "float32", 
        "float32", 
        "float32", 
        "float32", 
        "float32", 
        "float32", 
        "float32", 
        "float32", 
        "float32", 
        "float32", 
        "float32", 
        "float32", 
        "float32", 
        "float32", 
        "float32", 
        "float32", 
        "float32", 
        "float32", 
        "float32", 
        "float32", 
        "float32", 
        "float32", 
        "float32", 
        "float32", 
        "float32", 
        "float32", 
        "float32", 
        "float32", 
        "float32", 
        "float32", 
        "float32", 
        "float32", 
        "float32", 
        "float32", 
        "float32", 
        "float32", 
        "float32", 
        "float32", 
        "float32", 
        "float32", 
        "float32", 
        "float32", 
        "float32", 
        "float32", 
        "float32", 
        "float32", 
        "float32", 
        "float32", 
        "float32", 
        "float32", 
        "float32", 
        "float32", 
        "float32", 
        "float32", 
        "float32", 
        "float32", 
        "float32", 
        "float32", 
        "float32", 
        "float32", 
        "float32", 
        "float32", 
        "float32", 
        "float32", 
        "float32", 
        "float32", 
        "float32", 
        "float32", 
        "float32", 
        "float32", 
        "float32", 
        "float32", 
        "float32", 
        "float32", 
        "float32", 
        "float32", 
        "float32", 
        "float32", 
        "float32", 
        "float32", 
        "float32", 
        "float32", 
        "float32", 
        "float32", 
        "float32", 
        "float32", 
        "float32", 
        "float32", 
        "float32", 
        "float32", 
        "float32", 
        "float32", 
        "float32", 
        "float32", 
        "float32", 
        "float32", 
        "float32", 
        "float32", 
        "float32", 
        "float32", 
        "float32", 
        "float32", 
        "float32", 
        "float32", 
        "float32", 
        "float32", 
        "float32", 
        "float32", 
        "float32", 
        "float32", 
        "float32", 
        "float32", 
        "float32", 
        "float32", 
        "float32", 
        "float32", 
        "float32", 
        "float32", 
        "float32", 
        "float32", 
        "float32", 
        "float32", 
        "float32", 
        "float32", 
        "float32", 
        "float32", 
        "float32", 
        "float32", 
        "float32", 
        "float32", 
        "float32", 
        "float32", 
        "float32", 
        "float32", 
        "float32", 
        "float32", 
        "float32", 
        "float32", 
        "float32", 
        "float32", 
        "float32", 
        "float32", 
        "float32", 
        "float32", 
        "float32", 
        "float32", 
        "float32", 
        "float32", 
        "float32", 
        "float32", 
        "float32", 
        "float32", 
        "float32", 
        "float32", 
        "float32", 
        "float32", 
        "float32", 
        "float32", 
        "float32"
      ]
    ], 
    "storage_scope": [
      "list_str", 
      [
        "global", 
        "global", 
        "global", 
        "global", 
        "global.texture-nhwc", 
        "global.texture-nhwc", 
        "global.texture-weight", 
        "global.texture-nhwc", 
        "global.texture", 
        "global.texture-weight", 
        "global.texture-nhwc", 
        "global.texture", 
        "global.texture-weight", 
        "global.texture-nhwc", 
        "global.texture-nhwc", 
        "global.texture-weight", 
        "global.texture-nhwc", 
        "global.texture", 
        "global.texture-weight", 
        "global.texture-nhwc", 
        "global.texture", 
        "global.texture-weight", 
        "global.texture-nhwc", 
        "global.texture-nhwc", 
        "global.texture-weight", 
        "global.texture-nhwc", 
        "global.texture", 
        "global.texture-weight", 
        "global.texture-nhwc", 
        "global.texture", 
        "global.texture-weight", 
        "global.texture-nhwc", 
        "global.texture-nhwc", 
        "global.texture-weight", 
        "global.texture-nhwc", 
        "global.texture", 
        "global.texture-weight", 
        "global.texture-nhwc", 
        "global.texture", 
        "global.texture-weight", 
        "global.texture-nhwc", 
        "global.texture-nhwc", 
        "global.texture-weight", 
        "global.texture-nhwc", 
        "global.texture", 
        "global.texture-weight", 
        "global.texture-nhwc", 
        "global.texture", 
        "global.texture-weight", 
        "global.texture-nhwc", 
        "global.texture-nhwc", 
        "global.texture-weight", 
        "global.texture-nhwc", 
        "global.texture", 
        "global.texture-weight", 
        "global.texture-nhwc", 
        "global.texture", 
        "global.texture-weight", 
        "global.texture-nhwc", 
        "global.texture-nhwc", 
        "global.texture-weight", 
        "global.texture-nhwc", 
        "global.texture", 
        "global.texture-weight", 
        "global.texture-nhwc", 
        "global.texture", 
        "global.texture-weight", 
        "global.texture", 
        "global.texture-nhwc", 
        "global.texture-weight", 
        "global.texture", 
        "global.texture", 
        "global.texture-weight", 
        "global.texture-nhwc", 
        "global.texture", 
        "global.texture-weight", 
        "global.texture", 
        "global.texture-nhwc", 
        "global.texture-weight", 
        "global.texture", 
        "global.texture", 
        "global.texture-weight", 
        "global.texture-nhwc", 
        "global.texture", 
        "global.texture-weight", 
        "global.texture", 
        "global.texture-nhwc", 
        "global.texture-weight", 
        "global.texture", 
        "global.texture", 
        "global.texture-weight", 
        "global.texture-nhwc", 
        "global.texture", 
        "global.texture-weight", 
        "global.texture", 
        "global.texture-nhwc", 
        "global.texture-weight", 
        "global.texture", 
        "global.texture", 
        "global.texture-weight", 
        "global.texture-nhwc", 
        "global.texture", 
        "global.texture-weight", 
        "global.texture", 
        "global.texture-nhwc", 
        "global.texture-weight", 
        "global.texture", 
        "global.texture", 
        "global.texture-weight", 
        "global.texture-nhwc", 
        "global.texture", 
        "global.texture-weight", 
        "global.texture", 
        "global.texture-nhwc", 
        "global.texture-weight", 
        "global.texture", 
        "global.texture", 
        "global.texture-weight", 
        "global.texture-nhwc", 
        "global.texture", 
        "global.texture-weight", 
        "global.texture", 
        "global.texture-nhwc", 
        "global.texture-weight", 
        "global.texture", 
        "global.texture", 
        "global.texture-weight", 
        "global.texture-nhwc", 
        "global.texture", 
        "global.texture-weight", 
        "global.texture", 
        "global.texture-nhwc", 
        "global.texture-weight", 
        "global.texture", 
        "global.texture", 
        "global.texture-weight", 
        "global.texture-nhwc", 
        "global.texture", 
        "global.texture-weight", 
        "global.texture", 
        "global.texture-nhwc", 
        "global.texture-weight", 
        "global.texture", 
        "global.texture", 
        "global.texture-weight", 
        "global.texture-nhwc", 
        "global.texture", 
        "global.texture-weight", 
        "global.texture", 
        "global.texture-nhwc", 
        "global.texture-weight", 
        "global.texture", 
        "global.texture", 
        "global.texture-weight", 
        "global", 
        "global", 
        "global.texture-nhwc", 
        "global.texture", 
        "global.texture-weight", 
        "global", 
        "global.texture", 
        "global.texture", 
        "global.texture-weight", 
        "global", 
        "global", 
        "global.texture", 
        "global.texture", 
        "global.texture-weight", 
        "", 
        "", 
        "", 
        "", 
        "", 
        ""
      ]
    ], 
    "shape": [
      "list_shape", 
      [
        [1, 513, 513, 3], 
        [3, 3, 3, 8, 4], 
        [1, 1, 1, 8, 4], 
        [1, 257, 257, 8, 4], 
        [1, 257, 257, 8, 4], 
        [3, 3, 8, 1, 4], 
        [1, 1, 1, 8, 4], 
        [1, 257, 257, 8, 4], 
        [1, 1, 32, 4, 4], 
        [1, 1, 1, 4, 4], 
        [1, 257, 257, 4, 4], 
        [1, 1, 16, 24, 4], 
        [1, 1, 1, 24, 4], 
        [1, 257, 257, 24, 4], 
        [3, 3, 24, 1, 4], 
        [1, 1, 1, 24, 4], 
        [1, 129, 129, 24, 4], 
        [1, 1, 96, 6, 4], 
        [1, 1, 1, 6, 4], 
        [1, 129, 129, 6, 4], 
        [1, 1, 24, 36, 4], 
        [1, 1, 1, 36, 4], 
        [1, 129, 129, 36, 4], 
        [3, 3, 36, 1, 4], 
        [1, 1, 1, 36, 4], 
        [1, 129, 129, 36, 4], 
        [1, 1, 144, 6, 4], 
        [1, 1, 1, 6, 4], 
        [1, 129, 129, 6, 4], 
        [1, 1, 24, 36, 4], 
        [1, 1, 1, 36, 4], 
        [1, 129, 129, 36, 4], 
        [3, 3, 36, 1, 4], 
        [1, 1, 1, 36, 4], 
        [1, 65, 65, 36, 4], 
        [1, 1, 144, 8, 4], 
        [1, 1, 1, 8, 4], 
        [1, 65, 65, 8, 4], 
        [1, 1, 32, 48, 4], 
        [1, 1, 1, 48, 4], 
        [1, 65, 65, 48, 4], 
        [3, 3, 48, 1, 4], 
        [1, 1, 1, 48, 4], 
        [1, 65, 65, 48, 4], 
        [1, 1, 192, 8, 4], 
        [1, 1, 1, 8, 4], 
        [1, 65, 65, 8, 4], 
        [1, 1, 32, 48, 4], 
        [1, 1, 1, 48, 4], 
        [1, 65, 65, 48, 4], 
        [3, 3, 48, 1, 4], 
        [1, 1, 1, 48, 4], 
        [1, 65, 65, 48, 4], 
        [1, 1, 192, 8, 4], 
        [1, 1, 1, 8, 4], 
        [1, 65, 65, 8, 4], 
        [1, 1, 32, 48, 4], 
        [1, 1, 1, 48, 4], 
        [1, 65, 65, 48, 4], 
        [3, 3, 48, 1, 4], 
        [1, 1, 1, 48, 4], 
        [1, 65, 65, 48, 4], 
        [1, 1, 192, 16, 4], 
        [1, 1, 1, 16, 4], 
        [1, 65, 65, 16, 4], 
        [1, 1, 64, 96, 4], 
        [1, 1, 1, 96, 4], 
        [1, 65, 65, 96, 4], 
        [3, 3, 96, 1, 4], 
        [1, 1, 1, 96, 4], 
        [1, 65, 65, 96, 4], 
        [1, 1, 384, 16, 4], 
        [1, 1, 1, 16, 4], 
        [1, 65, 65, 16, 4], 
        [1, 1, 64, 96, 4], 
        [1, 1, 1, 96, 4], 
        [1, 65, 65, 96, 4], 
        [3, 3, 96, 1, 4], 
        [1, 1, 1, 96, 4], 
        [1, 65, 65, 96, 4], 
        [1, 1, 384, 16, 4], 
        [1, 1, 1, 16, 4], 
        [1, 65, 65, 16, 4], 
        [1, 1, 64, 96, 4], 
        [1, 1, 1, 96, 4], 
        [1, 65, 65, 96, 4], 
        [3, 3, 96, 1, 4], 
        [1, 1, 1, 96, 4], 
        [1, 65, 65, 96, 4], 
        [1, 1, 384, 16, 4], 
        [1, 1, 1, 16, 4], 
        [1, 65, 65, 16, 4], 
        [1, 1, 64, 96, 4], 
        [1, 1, 1, 96, 4], 
        [1, 65, 65, 96, 4], 
        [3, 3, 96, 1, 4], 
        [1, 1, 1, 96, 4], 
        [1, 65, 65, 96, 4], 
        [1, 1, 384, 24, 4], 
        [1, 1, 1, 24, 4], 
        [1, 65, 65, 24, 4], 
        [1, 1, 96, 144, 4], 
        [1, 1, 1, 144, 4], 
        [1, 65, 65, 144, 4], 
        [3, 3, 144, 1, 4], 
        [1, 1, 1, 144, 4], 
        [1, 65, 65, 144, 4], 
        [1, 1, 576, 24, 4], 
        [1, 1, 1, 24, 4], 
        [1, 65, 65, 24, 4], 
        [1, 1, 96, 144, 4], 
        [1, 1, 1, 144, 4], 
        [1, 65, 65, 144, 4], 
        [3, 3, 144, 1, 4], 
        [1, 1, 1, 144, 4], 
        [1, 65, 65, 144, 4], 
        [1, 1, 576, 24, 4], 
        [1, 1, 1, 24, 4], 
        [1, 65, 65, 24, 4], 
        [1, 1, 96, 144, 4], 
        [1, 1, 1, 144, 4], 
        [1, 65, 65, 144, 4], 
        [3, 3, 144, 1, 4], 
        [1, 1, 1, 144, 4], 
        [1, 65, 65, 144, 4], 
        [1, 1, 576, 40, 4], 
        [1, 1, 1, 40, 4], 
        [1, 65, 65, 40, 4], 
        [1, 1, 160, 240, 4], 
        [1, 1, 1, 240, 4], 
        [1, 65, 65, 240, 4], 
        [3, 3, 240, 1, 4], 
        [1, 1, 1, 240, 4], 
        [1, 65, 65, 240, 4], 
        [1, 1, 960, 40, 4], 
        [1, 1, 1, 40, 4], 
        [1, 65, 65, 40, 4], 
        [1, 1, 160, 240, 4], 
        [1, 1, 1, 240, 4], 
        [1, 65, 65, 240, 4], 
        [3, 3, 240, 1, 4], 
        [1, 1, 1, 240, 4], 
        [1, 65, 65, 240, 4], 
        [1, 1, 960, 40, 4], 
        [1, 1, 1, 40, 4], 
        [1, 65, 65, 40, 4], 
        [1, 1, 160, 240, 4], 
        [1, 1, 1, 240, 4], 
        [1, 65, 65, 240, 4], 
        [3, 3, 240, 1, 4], 
        [1, 1, 1, 240, 4], 
        [1, 65, 65, 240, 4], 
        [1, 1, 960, 80, 4], 
        [1, 1, 1, 80, 4], 
        [1, 65, 65, 80, 4], 
        [1, 1, 1, 80, 4], 
        [1, 1, 1, 80, 4], 
        [1, 1, 320, 64, 4], 
        [1, 1, 1, 64, 4], 
        [1, 1, 1, 64, 4], 
        [1, 65, 65, 80, 4], 
        [1, 1, 320, 64, 4], 
        [1, 1, 1, 64, 4], 
        [1, 65, 65, 64, 4], 
        [1, 65, 65, 128, 4], 
        [1, 65, 65, 128, 4], 
        [1, 1, 512, 64, 4], 
        [1, 1, 1, 64, 4], 
        [1, 65, 65, 64, 4], 
        [1, 65, 65, 256], 
        [1, 1, 256, 21], 
        [1, 1, 1, 21], 
        [1, 65, 65, 21], 
        [1, 65, 65, 21]
      ]
    ], 
    "device_index": [
      "list_int", 
      [
        4, 
        4, 
        4, 
        4, 
        4, 
        4, 
        4, 
        4, 
        4, 
        4, 
        4, 
        4, 
        4, 
        4, 
        4, 
        4, 
        4, 
        4, 
        4, 
        4, 
        4, 
        4, 
        4, 
        4, 
        4, 
        4, 
        4, 
        4, 
        4, 
        4, 
        4, 
        4, 
        4, 
        4, 
        4, 
        4, 
        4, 
        4, 
        4, 
        4, 
        4, 
        4, 
        4, 
        4, 
        4, 
        4, 
        4, 
        4, 
        4, 
        4, 
        4, 
        4, 
        4, 
        4, 
        4, 
        4, 
        4, 
        4, 
        4, 
        4, 
        4, 
        4, 
        4, 
        4, 
        4, 
        4, 
        4, 
        4, 
        4, 
        4, 
        4, 
        4, 
        4, 
        4, 
        4, 
        4, 
        4, 
        4, 
        4, 
        4, 
        4, 
        4, 
        4, 
        4, 
        4, 
        4, 
        4, 
        4, 
        4, 
        4, 
        4, 
        4, 
        4, 
        4, 
        4, 
        4, 
        4, 
        4, 
        4, 
        4, 
        4, 
        4, 
        4, 
        4, 
        4, 
        4, 
        4, 
        4, 
        4, 
        4, 
        4, 
        4, 
        4, 
        4, 
        4, 
        4, 
        4, 
        4, 
        4, 
        4, 
        4, 
        4, 
        4, 
        4, 
        4, 
        4, 
        4, 
        4, 
        4, 
        4, 
        4, 
        4, 
        4, 
        4, 
        4, 
        4, 
        4, 
        4, 
        4, 
        4, 
        4, 
        4, 
        4, 
        4, 
        4, 
        4, 
        4, 
        4, 
        4, 
        4, 
        4, 
        4, 
        4, 
        4, 
        4, 
        4, 
        4, 
        4, 
        4, 
        4, 
        4, 
        4, 
        4, 
        4, 
        4, 
        4, 
        4, 
        4, 
        4, 
        4, 
        4, 
        4, 
        4, 
        4
      ]
    ], 
    "storage_id": [
      "list_int", 
      [
        0, 
        1, 
        2, 
        3, 
        4, 
        5, 
        6, 
        7, 
        8, 
        9, 
        4, 
        10, 
        11, 
        7, 
        12, 
        13, 
        4, 
        14, 
        15, 
        7, 
        16, 
        17, 
        4, 
        18, 
        19, 
        20, 
        21, 
        22, 
        4, 
        23, 
        24, 
        20, 
        25, 
        26, 
        4, 
        27, 
        28, 
        20, 
        29, 
        30, 
        4, 
        31, 
        32, 
        7, 
        33, 
        34, 
        4, 
        35, 
        36, 
        20, 
        37, 
        38, 
        7, 
        39, 
        40, 
        20, 
        41, 
        42, 
        4, 
        43, 
        44, 
        20, 
        45, 
        46, 
        4, 
        47, 
        48, 
        49, 
        50, 
        51, 
        52, 
        53, 
        54, 
        20, 
        55, 
        56, 
        52, 
        57, 
        58, 
        49, 
        59, 
        60, 
        4, 
        61, 
        62, 
        52, 
        63, 
        64, 
        49, 
        65, 
        66, 
        20, 
        67, 
        68, 
        52, 
        69, 
        70, 
        49, 
        71, 
        72, 
        20, 
        73, 
        74, 
        52, 
        75, 
        76, 
        49, 
        77, 
        78, 
        4, 
        79, 
        80, 
        52, 
        81, 
        82, 
        49, 
        83, 
        84, 
        20, 
        85, 
        86, 
        52, 
        87, 
        88, 
        49, 
        89, 
        90, 
        20, 
        91, 
        92, 
        52, 
        93, 
        94, 
        49, 
        95, 
        96, 
        4, 
        97, 
        98, 
        52, 
        99, 
        100, 
        49, 
        101, 
        102, 
        20, 
        103, 
        104, 
        52, 
        105, 
        106, 
        49, 
        107, 
        108, 
        109, 
        110, 
        20, 
        111, 
        112, 
        113, 
        52, 
        114, 
        115, 
        116, 
        117, 
        52, 
        118, 
        119, 
        120, 
        121, 
        122, 
        123, 
        120, 
        121
      ]
    ]
  }, 
  "node_row_ptr": [
    0, 
    1, 
    2, 
    3, 
    4, 
    5, 
    6, 
    7, 
    8, 
    9, 
    10, 
    11, 
    12, 
    13, 
    14, 
    15, 
    16, 
    17, 
    18, 
    19, 
    20, 
    21, 
    22, 
    23, 
    24, 
    25, 
    26, 
    27, 
    28, 
    29, 
    30, 
    31, 
    32, 
    33, 
    34, 
    35, 
    36, 
    37, 
    38, 
    39, 
    40, 
    41, 
    42, 
    43, 
    44, 
    45, 
    46, 
    47, 
    48, 
    49, 
    50, 
    51, 
    52, 
    53, 
    54, 
    55, 
    56, 
    57, 
    58, 
    59, 
    60, 
    61, 
    62, 
    63, 
    64, 
    65, 
    66, 
    67, 
    68, 
    69, 
    70, 
    71, 
    72, 
    73, 
    74, 
    75, 
    76, 
    77, 
    78, 
    79, 
    80, 
    81, 
    82, 
    83, 
    84, 
    85, 
    86, 
    87, 
    88, 
    89, 
    90, 
    91, 
    92, 
    93, 
    94, 
    95, 
    96, 
    97, 
    98, 
    99, 
    100, 
    101, 
    102, 
    103, 
    104, 
    105, 
    106, 
    107, 
    108, 
    109, 
    110, 
    111, 
    112, 
    113, 
    114, 
    115, 
    116, 
    117, 
    118, 
    119, 
    120, 
    121, 
    122, 
    123, 
    124, 
    125, 
    126, 
    127, 
    128, 
    129, 
    130, 
    131, 
    132, 
    133, 
    134, 
    135, 
    136, 
    137, 
    138, 
    139, 
    140, 
    141, 
    142, 
    143, 
    144, 
    145, 
    146, 
    147, 
    148, 
    149, 
    150, 
    151, 
    152, 
    153, 
    154, 
    155, 
    156, 
    157, 
    158, 
    159, 
    160, 
    161, 
    162, 
    163, 
    164, 
    165, 
    166, 
    167, 
    168, 
    169, 
    170, 
    171, 
    172, 
    173, 
    174
  ]
}