{
  "nodes": [
    {
      "op": "null", 
      "name": "input:0", 
      "inputs": []
    }, 
    {
      "op": "tvm_op", 
      "name": "tvmgen_default_fused_transpose", 
      "attrs": {
        "num_outputs": "1", 
        "num_inputs": "1", 
        "flatten_data": "0", 
        "hash": "d5c8e28788f3d298", 
        "func_name": "tvmgen_default_fused_transpose"
      }, 
      "inputs": [
        [
          0, 
          0, 
          0
        ]
      ]
    }, 
    {
      "op": "null", 
      "name": "p0", 
      "inputs": []
    }, 
    {
      "op": "null", 
      "name": "p1", 
      "inputs": []
    }, 
    {
      "op": "tvm_op", 
      "name": "tvmgen_default_fused_nn_conv2d_add_clip", 
      "attrs": {
        "num_outputs": "1", 
        "num_inputs": "3", 
        "data_layout": "NCHW", 
        "kernel_layout": "OIHW4o", 
        "hash": "269978aa6fbb5f70", 
        "func_name": "tvmgen_default_fused_nn_conv2d_add_clip", 
        "out_layout": "NCHW4c", 
        "flatten_data": "0"
      }, 
      "inputs": [
        [
          1, 
          0, 
          0
        ], 
        [
          2, 
          0, 
          0
        ], 
        [
          3, 
          0, 
          0
        ]
      ]
    }, 
    {
      "op": "tvm_op", 
      "name": "__copy", 
      "attrs": {
        "num_outputs": "1", 
        "num_inputs": "1", 
        "func_name": "__copy", 
        "flatten_data": "0"
      }, 
      "inputs": [
        [
          4, 
          0, 
          0
        ]
      ]
    }, 
    {
      "op": "null", 
      "name": "p2", 
      "inputs": []
    }, 
    {
      "op": "null", 
      "name": "p3", 
      "inputs": []
    }, 
    {
      "op": "tvm_op", 
      "name": "tvmgen_default_fused_nn_conv2d_add_clip_1", 
      "attrs": {
        "num_outputs": "1", 
        "num_inputs": "3", 
        "data_layout": "NCHW4c", 
        "kernel_layout": "OIHW4o", 
        "hash": "c83c826e751ec547", 
        "func_name": "tvmgen_default_fused_nn_conv2d_add_clip_1", 
        "out_layout": "NCHW4c", 
        "flatten_data": "0"
      }, 
      "inputs": [
        [
          5, 
          0, 
          0
        ], 
        [
          6, 
          0, 
          0
        ], 
        [
          7, 
          0, 
          0
        ]
      ]
    }, 
    {
      "op": "null", 
      "name": "p4", 
      "inputs": []
    }, 
    {
      "op": "null", 
      "name": "p5", 
      "inputs": []
    }, 
    {
      "op": "tvm_op", 
      "name": "tvmgen_default_fused_nn_conv2d_add_clip_2", 
      "attrs": {
        "num_outputs": "1", 
        "num_inputs": "3", 
        "data_layout": "NCHW4c", 
        "kernel_layout": "OIHW4o", 
        "hash": "ecec9708d02297fa", 
        "func_name": "tvmgen_default_fused_nn_conv2d_add_clip_2", 
        "out_layout": "NCHW4c", 
        "flatten_data": "0"
      }, 
      "inputs": [
        [
          8, 
          0, 
          0
        ], 
        [
          9, 
          0, 
          0
        ], 
        [
          10, 
          0, 
          0
        ]
      ]
    }, 
    {
      "op": "null", 
      "name": "p6", 
      "inputs": []
    }, 
    {
      "op": "null", 
      "name": "p7", 
      "inputs": []
    }, 
    {
      "op": "tvm_op", 
      "name": "tvmgen_default_fused_nn_conv2d_add_clip_3", 
      "attrs": {
        "num_outputs": "1", 
        "num_inputs": "3", 
        "data_layout": "NCHW4c", 
        "kernel_layout": "OIHW4o", 
        "hash": "471c2e4f702e12bb", 
        "func_name": "tvmgen_default_fused_nn_conv2d_add_clip_3", 
        "out_layout": "NCHW4c", 
        "flatten_data": "0"
      }, 
      "inputs": [
        [
          11, 
          0, 
          0
        ], 
        [
          12, 
          0, 
          0
        ], 
        [
          13, 
          0, 
          0
        ]
      ]
    }, 
    {
      "op": "null", 
      "name": "p8", 
      "inputs": []
    }, 
    {
      "op": "null", 
      "name": "p9", 
      "inputs": []
    }, 
    {
      "op": "tvm_op", 
      "name": "tvmgen_default_fused_nn_conv2d_add_clip_4", 
      "attrs": {
        "num_outputs": "1", 
        "num_inputs": "3", 
        "data_layout": "NCHW4c", 
        "kernel_layout": "OIHW4o", 
        "hash": "bd282daf95a91efd", 
        "func_name": "tvmgen_default_fused_nn_conv2d_add_clip_4", 
        "out_layout": "NCHW4c", 
        "flatten_data": "0"
      }, 
      "inputs": [
        [
          14, 
          0, 
          0
        ], 
        [
          15, 
          0, 
          0
        ], 
        [
          16, 
          0, 
          0
        ]
      ]
    }, 
    {
      "op": "null", 
      "name": "p10", 
      "inputs": []
    }, 
    {
      "op": "null", 
      "name": "p11", 
      "inputs": []
    }, 
    {
      "op": "tvm_op", 
      "name": "tvmgen_default_fused_nn_conv2d_add_clip_5", 
      "attrs": {
        "num_outputs": "1", 
        "num_inputs": "3", 
        "data_layout": "NCHW4c", 
        "kernel_layout": "OIHW4o", 
        "hash": "1f9a09a46f5520d8", 
        "func_name": "tvmgen_default_fused_nn_conv2d_add_clip_5", 
        "out_layout": "NCHW4c", 
        "flatten_data": "0"
      }, 
      "inputs": [
        [
          17, 
          0, 
          0
        ], 
        [
          18, 
          0, 
          0
        ], 
        [
          19, 
          0, 
          0
        ]
      ]
    }, 
    {
      "op": "null", 
      "name": "p12", 
      "inputs": []
    }, 
    {
      "op": "null", 
      "name": "p13", 
      "inputs": []
    }, 
    {
      "op": "tvm_op", 
      "name": "tvmgen_default_fused_nn_conv2d_add_clip_6", 
      "attrs": {
        "num_outputs": "1", 
        "num_inputs": "3", 
        "data_layout": "NCHW4c", 
        "kernel_layout": "OIHW4o", 
        "hash": "6c4696516c1a03f9", 
        "func_name": "tvmgen_default_fused_nn_conv2d_add_clip_6", 
        "out_layout": "NCHW4c", 
        "flatten_data": "0"
      }, 
      "inputs": [
        [
          20, 
          0, 
          0
        ], 
        [
          21, 
          0, 
          0
        ], 
        [
          22, 
          0, 
          0
        ]
      ]
    }, 
    {
      "op": "null", 
      "name": "p14", 
      "inputs": []
    }, 
    {
      "op": "null", 
      "name": "p15", 
      "inputs": []
    }, 
    {
      "op": "tvm_op", 
      "name": "tvmgen_default_fused_nn_conv2d_add_clip_7", 
      "attrs": {
        "num_outputs": "1", 
        "num_inputs": "3", 
        "data_layout": "NCHW4c", 
        "kernel_layout": "OIHW4o", 
        "hash": "fa44a31b7004fc30", 
        "func_name": "tvmgen_default_fused_nn_conv2d_add_clip_7", 
        "out_layout": "NCHW4c", 
        "flatten_data": "0"
      }, 
      "inputs": [
        [
          23, 
          0, 
          0
        ], 
        [
          24, 
          0, 
          0
        ], 
        [
          25, 
          0, 
          0
        ]
      ]
    }, 
    {
      "op": "null", 
      "name": "p16", 
      "inputs": []
    }, 
    {
      "op": "null", 
      "name": "p17", 
      "inputs": []
    }, 
    {
      "op": "tvm_op", 
      "name": "tvmgen_default_fused_nn_conv2d_add_clip_8", 
      "attrs": {
        "num_outputs": "1", 
        "num_inputs": "3", 
        "data_layout": "NCHW4c", 
        "kernel_layout": "OIHW4o", 
        "hash": "bb6892b855317a2b", 
        "func_name": "tvmgen_default_fused_nn_conv2d_add_clip_8", 
        "out_layout": "NCHW4c", 
        "flatten_data": "0"
      }, 
      "inputs": [
        [
          26, 
          0, 
          0
        ], 
        [
          27, 
          0, 
          0
        ], 
        [
          28, 
          0, 
          0
        ]
      ]
    }, 
    {
      "op": "null", 
      "name": "p18", 
      "inputs": []
    }, 
    {
      "op": "null", 
      "name": "p19", 
      "inputs": []
    }, 
    {
      "op": "tvm_op", 
      "name": "tvmgen_default_fused_nn_conv2d_add_clip_9", 
      "attrs": {
        "num_outputs": "1", 
        "num_inputs": "3", 
        "data_layout": "NCHW4c", 
        "kernel_layout": "OIHW4o", 
        "hash": "01127bdeef0223a6", 
        "func_name": "tvmgen_default_fused_nn_conv2d_add_clip_9", 
        "out_layout": "NCHW4c", 
        "flatten_data": "0"
      }, 
      "inputs": [
        [
          29, 
          0, 
          0
        ], 
        [
          30, 
          0, 
          0
        ], 
        [
          31, 
          0, 
          0
        ]
      ]
    }, 
    {
      "op": "null", 
      "name": "p20", 
      "inputs": []
    }, 
    {
      "op": "null", 
      "name": "p21", 
      "inputs": []
    }, 
    {
      "op": "tvm_op", 
      "name": "tvmgen_default_fused_nn_conv2d_add_clip_10", 
      "attrs": {
        "num_outputs": "1", 
        "num_inputs": "3", 
        "data_layout": "NCHW4c", 
        "kernel_layout": "OIHW4o", 
        "hash": "31012a818804f297", 
        "func_name": "tvmgen_default_fused_nn_conv2d_add_clip_10", 
        "out_layout": "NCHW4c", 
        "flatten_data": "0"
      }, 
      "inputs": [
        [
          32, 
          0, 
          0
        ], 
        [
          33, 
          0, 
          0
        ], 
        [
          34, 
          0, 
          0
        ]
      ]
    }, 
    {
      "op": "null", 
      "name": "p22", 
      "inputs": []
    }, 
    {
      "op": "null", 
      "name": "p23", 
      "inputs": []
    }, 
    {
      "op": "tvm_op", 
      "name": "tvmgen_default_fused_nn_conv2d_add_clip_11", 
      "attrs": {
        "num_outputs": "1", 
        "num_inputs": "3", 
        "data_layout": "NCHW4c", 
        "kernel_layout": "OIHW4o", 
        "hash": "ab7a7d0e87b37cb7", 
        "func_name": "tvmgen_default_fused_nn_conv2d_add_clip_11", 
        "out_layout": "NCHW4c", 
        "flatten_data": "0"
      }, 
      "inputs": [
        [
          35, 
          0, 
          0
        ], 
        [
          36, 
          0, 
          0
        ], 
        [
          37, 
          0, 
          0
        ]
      ]
    }, 
    {
      "op": "null", 
      "name": "p24", 
      "inputs": []
    }, 
    {
      "op": "null", 
      "name": "p25", 
      "inputs": []
    }, 
    {
      "op": "tvm_op", 
      "name": "tvmgen_default_fused_nn_conv2d_add_clip_12", 
      "attrs": {
        "num_outputs": "1", 
        "num_inputs": "3", 
        "data_layout": "NCHW4c", 
        "kernel_layout": "OIHW4o", 
        "hash": "cbe2a782727b0fe1", 
        "func_name": "tvmgen_default_fused_nn_conv2d_add_clip_12", 
        "out_layout": "NCHW4c", 
        "flatten_data": "0"
      }, 
      "inputs": [
        [
          38, 
          0, 
          0
        ], 
        [
          39, 
          0, 
          0
        ], 
        [
          40, 
          0, 
          0
        ]
      ]
    }, 
    {
      "op": "null", 
      "name": "p26", 
      "inputs": []
    }, 
    {
      "op": "null", 
      "name": "p27", 
      "inputs": []
    }, 
    {
      "op": "tvm_op", 
      "name": "tvmgen_default_fused_nn_conv2d_add_clip_13", 
      "attrs": {
        "num_outputs": "1", 
        "num_inputs": "3", 
        "data_layout": "NCHW4c", 
        "kernel_layout": "OIHW4o", 
        "hash": "10c6d84385b0f2d2", 
        "func_name": "tvmgen_default_fused_nn_conv2d_add_clip_13", 
        "out_layout": "NCHW4c", 
        "flatten_data": "0"
      }, 
      "inputs": [
        [
          41, 
          0, 
          0
        ], 
        [
          42, 
          0, 
          0
        ], 
        [
          43, 
          0, 
          0
        ]
      ]
    }, 
    {
      "op": "null", 
      "name": "p28", 
      "inputs": []
    }, 
    {
      "op": "null", 
      "name": "p29", 
      "inputs": []
    }, 
    {
      "op": "tvm_op", 
      "name": "tvmgen_default_fused_nn_conv2d_add_clip_14", 
      "attrs": {
        "num_outputs": "1", 
        "num_inputs": "3", 
        "data_layout": "NCHW4c", 
        "kernel_layout": "OIHW4o", 
        "hash": "9433c350571603c6", 
        "func_name": "tvmgen_default_fused_nn_conv2d_add_clip_14", 
        "out_layout": "NCHW4c", 
        "flatten_data": "0"
      }, 
      "inputs": [
        [
          44, 
          0, 
          0
        ], 
        [
          45, 
          0, 
          0
        ], 
        [
          46, 
          0, 
          0
        ]
      ]
    }, 
    {
      "op": "null", 
      "name": "p30", 
      "inputs": []
    }, 
    {
      "op": "null", 
      "name": "p31", 
      "inputs": []
    }, 
    {
      "op": "tvm_op", 
      "name": "tvmgen_default_fused_nn_conv2d_add_clip_15", 
      "attrs": {
        "num_outputs": "1", 
        "num_inputs": "3", 
        "data_layout": "NCHW4c", 
        "kernel_layout": "OIHW4o", 
        "hash": "10c6d84385b0f2d2", 
        "func_name": "tvmgen_default_fused_nn_conv2d_add_clip_15", 
        "out_layout": "NCHW4c", 
        "flatten_data": "0"
      }, 
      "inputs": [
        [
          47, 
          0, 
          0
        ], 
        [
          48, 
          0, 
          0
        ], 
        [
          49, 
          0, 
          0
        ]
      ]
    }, 
    {
      "op": "null", 
      "name": "p32", 
      "inputs": []
    }, 
    {
      "op": "null", 
      "name": "p33", 
      "inputs": []
    }, 
    {
      "op": "tvm_op", 
      "name": "tvmgen_default_fused_nn_conv2d_add_clip_16", 
      "attrs": {
        "num_outputs": "1", 
        "num_inputs": "3", 
        "data_layout": "NCHW4c", 
        "kernel_layout": "OIHW4o", 
        "hash": "9433c350571603c6", 
        "func_name": "tvmgen_default_fused_nn_conv2d_add_clip_16", 
        "out_layout": "NCHW4c", 
        "flatten_data": "0"
      }, 
      "inputs": [
        [
          50, 
          0, 
          0
        ], 
        [
          51, 
          0, 
          0
        ], 
        [
          52, 
          0, 
          0
        ]
      ]
    }, 
    {
      "op": "null", 
      "name": "p34", 
      "inputs": []
    }, 
    {
      "op": "null", 
      "name": "p35", 
      "inputs": []
    }, 
    {
      "op": "tvm_op", 
      "name": "tvmgen_default_fused_nn_conv2d_add_clip_17", 
      "attrs": {
        "num_outputs": "1", 
        "num_inputs": "3", 
        "data_layout": "NCHW4c", 
        "kernel_layout": "OIHW4o", 
        "hash": "10c6d84385b0f2d2", 
        "func_name": "tvmgen_default_fused_nn_conv2d_add_clip_17", 
        "out_layout": "NCHW4c", 
        "flatten_data": "0"
      }, 
      "inputs": [
        [
          53, 
          0, 
          0
        ], 
        [
          54, 
          0, 
          0
        ], 
        [
          55, 
          0, 
          0
        ]
      ]
    }, 
    {
      "op": "null", 
      "name": "p36", 
      "inputs": []
    }, 
    {
      "op": "null", 
      "name": "p37", 
      "inputs": []
    }, 
    {
      "op": "tvm_op", 
      "name": "tvmgen_default_fused_nn_conv2d_add_clip_18", 
      "attrs": {
        "num_outputs": "1", 
        "num_inputs": "3", 
        "data_layout": "NCHW4c", 
        "kernel_layout": "OIHW4o", 
        "hash": "9433c350571603c6", 
        "func_name": "tvmgen_default_fused_nn_conv2d_add_clip_18", 
        "out_layout": "NCHW4c", 
        "flatten_data": "0"
      }, 
      "inputs": [
        [
          56, 
          0, 
          0
        ], 
        [
          57, 
          0, 
          0
        ], 
        [
          58, 
          0, 
          0
        ]
      ]
    }, 
    {
      "op": "null", 
      "name": "p38", 
      "inputs": []
    }, 
    {
      "op": "null", 
      "name": "p39", 
      "inputs": []
    }, 
    {
      "op": "tvm_op", 
      "name": "tvmgen_default_fused_nn_conv2d_add_clip_19", 
      "attrs": {
        "num_outputs": "1", 
        "num_inputs": "3", 
        "data_layout": "NCHW4c", 
        "kernel_layout": "OIHW4o", 
        "hash": "10c6d84385b0f2d2", 
        "func_name": "tvmgen_default_fused_nn_conv2d_add_clip_19", 
        "out_layout": "NCHW4c", 
        "flatten_data": "0"
      }, 
      "inputs": [
        [
          59, 
          0, 
          0
        ], 
        [
          60, 
          0, 
          0
        ], 
        [
          61, 
          0, 
          0
        ]
      ]
    }, 
    {
      "op": "null", 
      "name": "p40", 
      "inputs": []
    }, 
    {
      "op": "null", 
      "name": "p41", 
      "inputs": []
    }, 
    {
      "op": "tvm_op", 
      "name": "tvmgen_default_fused_nn_conv2d_add_clip_20", 
      "attrs": {
        "num_outputs": "1", 
        "num_inputs": "3", 
        "data_layout": "NCHW4c", 
        "kernel_layout": "OIHW4o", 
        "hash": "9433c350571603c6", 
        "func_name": "tvmgen_default_fused_nn_conv2d_add_clip_20", 
        "out_layout": "NCHW4c", 
        "flatten_data": "0"
      }, 
      "inputs": [
        [
          62, 
          0, 
          0
        ], 
        [
          63, 
          0, 
          0
        ], 
        [
          64, 
          0, 
          0
        ]
      ]
    }, 
    {
      "op": "null", 
      "name": "p42", 
      "inputs": []
    }, 
    {
      "op": "null", 
      "name": "p43", 
      "inputs": []
    }, 
    {
      "op": "tvm_op", 
      "name": "tvmgen_default_fused_nn_conv2d_add_clip_21", 
      "attrs": {
        "num_outputs": "1", 
        "num_inputs": "3", 
        "data_layout": "NCHW4c", 
        "kernel_layout": "OIHW4o", 
        "hash": "10c6d84385b0f2d2", 
        "func_name": "tvmgen_default_fused_nn_conv2d_add_clip_21", 
        "out_layout": "NCHW4c", 
        "flatten_data": "0"
      }, 
      "inputs": [
        [
          65, 
          0, 
          0
        ], 
        [
          66, 
          0, 
          0
        ], 
        [
          67, 
          0, 
          0
        ]
      ]
    }, 
    {
      "op": "null", 
      "name": "p44", 
      "inputs": []
    }, 
    {
      "op": "null", 
      "name": "p45", 
      "inputs": []
    }, 
    {
      "op": "tvm_op", 
      "name": "tvmgen_default_fused_nn_conv2d_add_clip_22", 
      "attrs": {
        "num_outputs": "1", 
        "num_inputs": "3", 
        "data_layout": "NCHW4c", 
        "kernel_layout": "OIHW4o", 
        "hash": "9433c350571603c6", 
        "func_name": "tvmgen_default_fused_nn_conv2d_add_clip_22", 
        "out_layout": "NCHW4c", 
        "flatten_data": "0"
      }, 
      "inputs": [
        [
          68, 
          0, 
          0
        ], 
        [
          69, 
          0, 
          0
        ], 
        [
          70, 
          0, 
          0
        ]
      ]
    }, 
    {
      "op": "null", 
      "name": "p46", 
      "inputs": []
    }, 
    {
      "op": "null", 
      "name": "p47", 
      "inputs": []
    }, 
    {
      "op": "tvm_op", 
      "name": "tvmgen_default_fused_nn_conv2d_add_clip_23", 
      "attrs": {
        "num_outputs": "1", 
        "num_inputs": "3", 
        "data_layout": "NCHW4c", 
        "kernel_layout": "OIHW4o", 
        "hash": "fff84dc4e5a135a6", 
        "func_name": "tvmgen_default_fused_nn_conv2d_add_clip_23", 
        "out_layout": "NCHW4c", 
        "flatten_data": "0"
      }, 
      "inputs": [
        [
          71, 
          0, 
          0
        ], 
        [
          72, 
          0, 
          0
        ], 
        [
          73, 
          0, 
          0
        ]
      ]
    }, 
    {
      "op": "null", 
      "name": "p48", 
      "inputs": []
    }, 
    {
      "op": "null", 
      "name": "p49", 
      "inputs": []
    }, 
    {
      "op": "tvm_op", 
      "name": "tvmgen_default_fused_nn_conv2d_add_clip_24", 
      "attrs": {
        "num_outputs": "1", 
        "num_inputs": "3", 
        "data_layout": "NCHW4c", 
        "kernel_layout": "OIHW4o", 
        "hash": "7aca96bb170a6fd9", 
        "func_name": "tvmgen_default_fused_nn_conv2d_add_clip_24", 
        "out_layout": "NCHW4c", 
        "flatten_data": "0"
      }, 
      "inputs": [
        [
          74, 
          0, 
          0
        ], 
        [
          75, 
          0, 
          0
        ], 
        [
          76, 
          0, 
          0
        ]
      ]
    }, 
    {
      "op": "null", 
      "name": "p50", 
      "inputs": []
    }, 
    {
      "op": "null", 
      "name": "p51", 
      "inputs": []
    }, 
    {
      "op": "tvm_op", 
      "name": "tvmgen_default_fused_nn_conv2d_add_clip_25", 
      "attrs": {
        "num_outputs": "1", 
        "num_inputs": "3", 
        "data_layout": "NCHW4c", 
        "kernel_layout": "OIHW4o", 
        "hash": "93c2b0fd03352a5f", 
        "func_name": "tvmgen_default_fused_nn_conv2d_add_clip_25", 
        "out_layout": "NCHW4c", 
        "flatten_data": "0"
      }, 
      "inputs": [
        [
          77, 
          0, 
          0
        ], 
        [
          78, 
          0, 
          0
        ], 
        [
          79, 
          0, 
          0
        ]
      ]
    }, 
    {
      "op": "null", 
      "name": "p52", 
      "inputs": []
    }, 
    {
      "op": "null", 
      "name": "p53", 
      "inputs": []
    }, 
    {
      "op": "tvm_op", 
      "name": "tvmgen_default_fused_nn_conv2d_add_clip_26", 
      "attrs": {
        "num_outputs": "1", 
        "num_inputs": "3", 
        "data_layout": "NCHW4c", 
        "kernel_layout": "OIHW4o", 
        "hash": "d987378231e90924", 
        "func_name": "tvmgen_default_fused_nn_conv2d_add_clip_26", 
        "out_layout": "NCHW4c", 
        "flatten_data": "0"
      }, 
      "inputs": [
        [
          80, 
          0, 
          0
        ], 
        [
          81, 
          0, 
          0
        ], 
        [
          82, 
          0, 
          0
        ]
      ]
    }, 
    {
      "op": "tvm_op", 
      "name": "tvmgen_default_fused_nn_avg_pool2d", 
      "attrs": {
        "num_outputs": "1", 
        "out_layout": "", 
        "hash": "64fcda8d46cefc66", 
        "func_name": "tvmgen_default_fused_nn_avg_pool2d", 
        "layout": "NCHW4c", 
        "flatten_data": "0", 
        "num_inputs": "1"
      }, 
      "inputs": [
        [
          83, 
          0, 
          0
        ]
      ]
    }, 
    {
      "op": "tvm_op", 
      "name": "tvmgen_default_fused_layout_transform", 
      "attrs": {
        "num_outputs": "1", 
        "src_layout": "NCHW4c", 
        "flatten_data": "0", 
        "dst_layout": "NCHW", 
        "hash": "f31e0b0004e3c754", 
        "func_name": "tvmgen_default_fused_layout_transform", 
        "num_inputs": "1"
      }, 
      "inputs": [
        [
          84, 
          0, 
          0
        ]
      ]
    }, 
    {
      "op": "null", 
      "name": "p54", 
      "inputs": []
    }, 
    {
      "op": "null", 
      "name": "p55", 
      "inputs": []
    }, 
    {
      "op": "tvm_op", 
      "name": "tvmgen_default_fused_nn_conv2d_add", 
      "attrs": {
        "num_outputs": "1", 
        "num_inputs": "3", 
        "out_layout": "", 
        "kernel_layout": "OIHW", 
        "hash": "6509a06b94e16feb", 
        "func_name": "tvmgen_default_fused_nn_conv2d_add", 
        "data_layout": "NCHW", 
        "flatten_data": "0"
      }, 
      "inputs": [
        [
          85, 
          0, 
          0
        ], 
        [
          86, 
          0, 
          0
        ], 
        [
          87, 
          0, 
          0
        ]
      ]
    }, 
    {
      "op": "tvm_op", 
      "name": "reshape_nop", 
      "attrs": {
        "num_outputs": "1", 
        "num_inputs": "1", 
        "flatten_data": "0", 
        "hash": "9edf47e7702e3cca", 
        "func_name": "__nop"
      }, 
      "inputs": [
        [
          88, 
          0, 
          0
        ]
      ]
    }, 
    {
      "op": "tvm_op", 
      "name": "tvmgen_default_fused_nn_softmax", 
      "attrs": {
        "num_outputs": "1", 
        "num_inputs": "1", 
        "flatten_data": "0", 
        "hash": "e985cc039ded9fed", 
        "func_name": "tvmgen_default_fused_nn_softmax"
      }, 
      "inputs": [
        [
          89, 
          0, 
          0
        ]
      ]
    }, 
    {
      "op": "tvm_op", 
      "name": "reshape_nop", 
      "attrs": {
        "num_outputs": "1", 
        "num_inputs": "1", 
        "flatten_data": "0", 
        "hash": "f0de1f1bcd5d91b7", 
        "func_name": "__nop"
      }, 
      "inputs": [
        [
          90, 
          0, 
          0
        ]
      ]
    }
  ], 
  "arg_nodes": [
    0, 
    2, 
    3, 
    6, 
    7, 
    9, 
    10, 
    12, 
    13, 
    15, 
    16, 
    18, 
    19, 
    21, 
    22, 
    24, 
    25, 
    27, 
    28, 
    30, 
    31, 
    33, 
    34, 
    36, 
    37, 
    39, 
    40, 
    42, 
    43, 
    45, 
    46, 
    48, 
    49, 
    51, 
    52, 
    54, 
    55, 
    57, 
    58, 
    60, 
    61, 
    63, 
    64, 
    66, 
    67, 
    69, 
    70, 
    72, 
    73, 
    75, 
    76, 
    78, 
    79, 
    81, 
    82, 
    86, 
    87
  ], 
  "heads": [
    [
      91, 
      0, 
      0
    ]
  ], 
  "attrs": {
    "dltype": [
      "list_str", 
      [
        "float32", 
        "float32", 
        "float32", 
        "float32", 
        "float32", 
        "float32", 
        "float32", 
        "float32", 
        "float32", 
        "float32", 
        "float32", 
        "float32", 
        "float32", 
        "float32", 
        "float32", 
        "float32", 
        "float32", 
        "float32", 
        "float32", 
        "float32", 
        "float32", 
        "float32", 
        "float32", 
        "float32", 
        "float32", 
        "float32", 
        "float32", 
        "float32", 
        "float32", 
        "float32", 
        "float32", 
        "float32", 
        "float32", 
        "float32", 
        "float32", 
        "float32", 
        "float32", 
        "float32", 
        "float32", 
        "float32", 
        "float32", 
        "float32", 
        "float32", 
        "float32", 
        "float32", 
        "float32", 
        "float32", 
        "float32", 
        "float32", 
        "float32", 
        "float32", 
        "float32", 
        "float32", 
        "float32", 
        "float32", 
        "float32", 
        "float32", 
        "float32", 
        "float32", 
        "float32", 
        "float32", 
        "float32", 
        "float32", 
        "float32", 
        "float32", 
        "float32", 
        "float32", 
        "float32", 
        "float32", 
        "float32", 
        "float32", 
        "float32", 
        "float32", 
        "float32", 
        "float32", 
        "float32", 
        "float32", 
        "float32", 
        "float32", 
        "float32", 
        "float32", 
        "float32", 
        "float32", 
        "float32", 
        "float32", 
        "float32", 
        "float32", 
        "float32", 
        "float32", 
        "float32", 
        "float32", 
        "float32"
      ]
    ], 
    "storage_scope": [
      "list_str", 
      [
        "global", 
        "global", 
        "global", 
        "global", 
        "global", 
        "global.texture", 
        "global.texture-weight", 
        "global.texture-weight", 
        "global.texture", 
        "global.texture-weight", 
        "global.texture-weight", 
        "global.texture", 
        "global.texture-weight", 
        "global.texture-weight", 
        "global.texture", 
        "global.texture-weight", 
        "global.texture-weight", 
        "global.texture", 
        "global.texture-weight", 
        "global.texture-weight", 
        "global.texture", 
        "global.texture-weight", 
        "global.texture-weight", 
        "global.texture", 
        "global.texture-weight", 
        "global.texture-weight", 
        "global.texture-nhwc", 
        "global.texture-weight", 
        "global.texture-weight", 
        "global.texture-nhwc", 
        "global.texture-weight", 
        "global.texture-weight", 
        "global.texture-nhwc", 
        "global.texture-weight", 
        "global.texture-weight", 
        "global.texture-nhwc", 
        "global.texture-weight", 
        "global.texture-weight", 
        "global.texture-nhwc", 
        "global.texture-weight", 
        "global.texture-weight", 
        "global.texture-nhwc", 
        "global.texture-weight", 
        "global.texture-weight", 
        "global.texture-nhwc", 
        "global.texture-weight", 
        "global.texture-weight", 
        "global.texture-nhwc", 
        "global.texture-weight", 
        "global.texture-weight", 
        "global.texture-nhwc", 
        "global.texture-weight", 
        "global.texture-weight", 
        "global.texture-nhwc", 
        "global.texture-weight", 
        "global.texture-weight", 
        "global.texture-nhwc", 
        "global.texture-weight", 
        "global.texture-weight", 
        "global.texture-nhwc", 
        "global.texture-weight", 
        "global.texture-weight", 
        "global.texture-nhwc", 
        "global.texture-weight", 
        "global.texture-weight", 
        "global.texture-nhwc", 
        "global.texture-weight", 
        "global.texture-weight", 
        "global.texture-nhwc", 
        "global.texture-weight", 
        "global.texture-weight", 
        "global.texture-nhwc", 
        "global.texture-weight", 
        "global.texture-weight", 
        "global.texture-nhwc", 
        "global.texture-weight", 
        "global.texture-weight", 
        "global.texture", 
        "global.texture-weight", 
        "global.texture-weight", 
        "global.texture-nhwc", 
        "global.texture-weight", 
        "global.texture-weight", 
        "global.texture-nhwc", 
        "", 
        "", 
        "", 
        "", 
        "", 
        "", 
        "", 
        ""
      ]
    ], 
    "shape": [
      "list_shape", 
      [
        [1, 224, 224, 3], 
        [1, 3, 224, 224], 
        [8, 3, 3, 3, 4], 
        [1, 8, 1, 1, 4], 
        [1, 8, 112, 112, 4], 
        [1, 8, 112, 112, 4], 
        [8, 1, 3, 3, 4], 
        [1, 8, 1, 1, 4], 
        [1, 8, 112, 112, 4], 
        [16, 32, 1, 1, 4], 
        [1, 16, 1, 1, 4], 
        [1, 16, 112, 112, 4], 
        [16, 1, 3, 3, 4], 
        [1, 16, 1, 1, 4], 
        [1, 16, 56, 56, 4], 
        [32, 64, 1, 1, 4], 
        [1, 32, 1, 1, 4], 
        [1, 32, 56, 56, 4], 
        [32, 1, 3, 3, 4], 
        [1, 32, 1, 1, 4], 
        [1, 32, 56, 56, 4], 
        [32, 128, 1, 1, 4], 
        [1, 32, 1, 1, 4], 
        [1, 32, 56, 56, 4], 
        [32, 1, 3, 3, 4], 
        [1, 32, 1, 1, 4], 
        [1, 32, 28, 28, 4], 
        [64, 128, 1, 1, 4], 
        [1, 64, 1, 1, 4], 
        [1, 64, 28, 28, 4], 
        [64, 1, 3, 3, 4], 
        [1, 64, 1, 1, 4], 
        [1, 64, 28, 28, 4], 
        [64, 256, 1, 1, 4], 
        [1, 64, 1, 1, 4], 
        [1, 64, 28, 28, 4], 
        [64, 1, 3, 3, 4], 
        [1, 64, 1, 1, 4], 
        [1, 64, 14, 14, 4], 
        [128, 256, 1, 1, 4], 
        [1, 128, 1, 1, 4], 
        [1, 128, 14, 14, 4], 
        [128, 1, 3, 3, 4], 
        [1, 128, 1, 1, 4], 
        [1, 128, 14, 14, 4], 
        [128, 512, 1, 1, 4], 
        [1, 128, 1, 1, 4], 
        [1, 128, 14, 14, 4], 
        [128, 1, 3, 3, 4], 
        [1, 128, 1, 1, 4], 
        [1, 128, 14, 14, 4], 
        [128, 512, 1, 1, 4], 
        [1, 128, 1, 1, 4], 
        [1, 128, 14, 14, 4], 
        [128, 1, 3, 3, 4], 
        [1, 128, 1, 1, 4], 
        [1, 128, 14, 14, 4], 
        [128, 512, 1, 1, 4], 
        [1, 128, 1, 1, 4], 
        [1, 128, 14, 14, 4], 
        [128, 1, 3, 3, 4], 
        [1, 128, 1, 1, 4], 
        [1, 128, 14, 14, 4], 
        [128, 512, 1, 1, 4], 
        [1, 128, 1, 1, 4], 
        [1, 128, 14, 14, 4], 
        [128, 1, 3, 3, 4], 
        [1, 128, 1, 1, 4], 
        [1, 128, 14, 14, 4], 
        [128, 512, 1, 1, 4], 
        [1, 128, 1, 1, 4], 
        [1, 128, 14, 14, 4], 
        [128, 1, 3, 3, 4], 
        [1, 128, 1, 1, 4], 
        [1, 128, 7, 7, 4], 
        [256, 512, 1, 1, 4], 
        [1, 256, 1, 1, 4], 
        [1, 256, 7, 7, 4], 
        [256, 1, 3, 3, 4], 
        [1, 256, 1, 1, 4], 
        [1, 256, 7, 7, 4], 
        [256, 1024, 1, 1, 4], 
        [1, 256, 1, 1, 4], 
        [1, 256, 7, 7, 4], 
        [1, 256, 1, 1, 4], 
        [1, 1024, 1, 1], 
        [1001, 1024, 1, 1], 
        [1, 1001, 1, 1], 
        [1, 1001, 1, 1], 
        [1, 1001], 
        [1, 1001], 
        [1, 1001]
      ]
    ], 
    "device_index": [
      "list_int", 
      [
        4, 
        4, 
        4, 
        4, 
        4, 
        4, 
        4, 
        4, 
        4, 
        4, 
        4, 
        4, 
        4, 
        4, 
        4, 
        4, 
        4, 
        4, 
        4, 
        4, 
        4, 
        4, 
        4, 
        4, 
        4, 
        4, 
        4, 
        4, 
        4, 
        4, 
        4, 
        4, 
        4, 
        4, 
        4, 
        4, 
        4, 
        4, 
        4, 
        4, 
        4, 
        4, 
        4, 
        4, 
        4, 
        4, 
        4, 
        4, 
        4, 
        4, 
        4, 
        4, 
        4, 
        4, 
        4, 
        4, 
        4, 
        4, 
        4, 
        4, 
        4, 
        4, 
        4, 
        4, 
        4, 
        4, 
        4, 
        4, 
        4, 
        4, 
        4, 
        4, 
        4, 
        4, 
        4, 
        4, 
        4, 
        4, 
        4, 
        4, 
        4, 
        4, 
        4, 
        4, 
        4, 
        4, 
        4, 
        4, 
        4, 
        4, 
        4, 
        4
      ]
    ], 
    "storage_id": [
      "list_int", 
      [
        0, 
        1, 
        2, 
        3, 
        4, 
        5, 
        6, 
        7, 
        8, 
        9, 
        10, 
        5, 
        11, 
        12, 
        8, 
        13, 
        14, 
        5, 
        15, 
        16, 
        8, 
        17, 
        18, 
        5, 
        19, 
        20, 
        21, 
        22, 
        23, 
        24, 
        25, 
        26, 
        21, 
        27, 
        28, 
        24, 
        29, 
        30, 
        21, 
        31, 
        32, 
        33, 
        34, 
        35, 
        36, 
        37, 
        38, 
        33, 
        39, 
        40, 
        36, 
        41, 
        42, 
        33, 
        43, 
        44, 
        36, 
        45, 
        46, 
        33, 
        47, 
        48, 
        36, 
        49, 
        50, 
        33, 
        51, 
        52, 
        36, 
        53, 
        54, 
        33, 
        55, 
        56, 
        36, 
        57, 
        58, 
        5, 
        59, 
        60, 
        61, 
        62, 
        63, 
        64, 
        65, 
        66, 
        67, 
        68, 
        65, 
        65, 
        66, 
        66
      ]
    ]
  }, 
  "node_row_ptr": [
    0, 
    1, 
    2, 
    3, 
    4, 
    5, 
    6, 
    7, 
    8, 
    9, 
    10, 
    11, 
    12, 
    13, 
    14, 
    15, 
    16, 
    17, 
    18, 
    19, 
    20, 
    21, 
    22, 
    23, 
    24, 
    25, 
    26, 
    27, 
    28, 
    29, 
    30, 
    31, 
    32, 
    33, 
    34, 
    35, 
    36, 
    37, 
    38, 
    39, 
    40, 
    41, 
    42, 
    43, 
    44, 
    45, 
    46, 
    47, 
    48, 
    49, 
    50, 
    51, 
    52, 
    53, 
    54, 
    55, 
    56, 
    57, 
    58, 
    59, 
    60, 
    61, 
    62, 
    63, 
    64, 
    65, 
    66, 
    67, 
    68, 
    69, 
    70, 
    71, 
    72, 
    73, 
    74, 
    75, 
    76, 
    77, 
    78, 
    79, 
    80, 
    81, 
    82, 
    83, 
    84, 
    85, 
    86, 
    87, 
    88, 
    89, 
    90, 
    91, 
    92
  ]
}