{
  "nodes": [
    {
      "op": "null", 
      "name": "normalized_input_image_tensor", 
      "inputs": []
    }, 
    {
      "op": "tvm_op", 
      "name": "tvmgen_default_fused_layout_transform", 
      "attrs": {
        "num_outputs": "1", 
        "src_layout": "NHWC", 
        "flatten_data": "0", 
        "dst_layout": "NCHW", 
        "hash": "886883e9de19e117", 
        "func_name": "tvmgen_default_fused_layout_transform", 
        "num_inputs": "1"
      }, 
      "inputs": [
        [
          0, 
          0, 
          0
        ]
      ]
    }, 
    {
      "op": "null", 
      "name": "p0", 
      "inputs": []
    }, 
    {
      "op": "null", 
      "name": "p1", 
      "inputs": []
    }, 
    {
      "op": "tvm_op", 
      "name": "tvmgen_default_fused_nn_conv2d_add_clip", 
      "attrs": {
        "num_outputs": "1", 
        "num_inputs": "3", 
        "data_layout": "NCHW", 
        "kernel_layout": "OIHW4o", 
        "hash": "d1715bdf55929661", 
        "func_name": "tvmgen_default_fused_nn_conv2d_add_clip", 
        "out_layout": "NCHW4c", 
        "flatten_data": "0"
      }, 
      "inputs": [
        [
          1, 
          0, 
          0
        ], 
        [
          2, 
          0, 
          0
        ], 
        [
          3, 
          0, 
          0
        ]
      ]
    }, 
    {
      "op": "tvm_op", 
      "name": "__copy", 
      "attrs": {
        "num_outputs": "1", 
        "num_inputs": "1", 
        "func_name": "__copy", 
        "flatten_data": "0"
      }, 
      "inputs": [
        [
          4, 
          0, 
          0
        ]
      ]
    }, 
    {
      "op": "null", 
      "name": "p2", 
      "inputs": []
    }, 
    {
      "op": "null", 
      "name": "p3", 
      "inputs": []
    }, 
    {
      "op": "tvm_op", 
      "name": "tvmgen_default_fused_nn_conv2d_add_clip_1", 
      "attrs": {
        "num_outputs": "1", 
        "num_inputs": "3", 
        "data_layout": "NCHW4c", 
        "kernel_layout": "OIHW4o", 
        "hash": "d965986ec48f3bf8", 
        "func_name": "tvmgen_default_fused_nn_conv2d_add_clip_1", 
        "out_layout": "NCHW4c", 
        "flatten_data": "0"
      }, 
      "inputs": [
        [
          5, 
          0, 
          0
        ], 
        [
          6, 
          0, 
          0
        ], 
        [
          7, 
          0, 
          0
        ]
      ]
    }, 
    {
      "op": "null", 
      "name": "p4", 
      "inputs": []
    }, 
    {
      "op": "null", 
      "name": "p5", 
      "inputs": []
    }, 
    {
      "op": "tvm_op", 
      "name": "tvmgen_default_fused_nn_conv2d_add_clip_2", 
      "attrs": {
        "num_outputs": "1", 
        "num_inputs": "3", 
        "data_layout": "NCHW4c", 
        "kernel_layout": "OIHW4o", 
        "hash": "49c32b56df9a0f7a", 
        "func_name": "tvmgen_default_fused_nn_conv2d_add_clip_2", 
        "out_layout": "NCHW4c", 
        "flatten_data": "0"
      }, 
      "inputs": [
        [
          8, 
          0, 
          0
        ], 
        [
          9, 
          0, 
          0
        ], 
        [
          10, 
          0, 
          0
        ]
      ]
    }, 
    {
      "op": "null", 
      "name": "p6", 
      "inputs": []
    }, 
    {
      "op": "null", 
      "name": "p7", 
      "inputs": []
    }, 
    {
      "op": "tvm_op", 
      "name": "tvmgen_default_fused_nn_conv2d_add_clip_3", 
      "attrs": {
        "num_outputs": "1", 
        "num_inputs": "3", 
        "data_layout": "NCHW4c", 
        "kernel_layout": "OIHW4o", 
        "hash": "5b6aede4ad0a8803", 
        "func_name": "tvmgen_default_fused_nn_conv2d_add_clip_3", 
        "out_layout": "NCHW4c", 
        "flatten_data": "0"
      }, 
      "inputs": [
        [
          11, 
          0, 
          0
        ], 
        [
          12, 
          0, 
          0
        ], 
        [
          13, 
          0, 
          0
        ]
      ]
    }, 
    {
      "op": "null", 
      "name": "p8", 
      "inputs": []
    }, 
    {
      "op": "null", 
      "name": "p9", 
      "inputs": []
    }, 
    {
      "op": "tvm_op", 
      "name": "tvmgen_default_fused_nn_conv2d_add_clip_4", 
      "attrs": {
        "num_outputs": "1", 
        "num_inputs": "3", 
        "data_layout": "NCHW4c", 
        "kernel_layout": "OIHW4o", 
        "hash": "92397c29d9683156", 
        "func_name": "tvmgen_default_fused_nn_conv2d_add_clip_4", 
        "out_layout": "NCHW4c", 
        "flatten_data": "0"
      }, 
      "inputs": [
        [
          14, 
          0, 
          0
        ], 
        [
          15, 
          0, 
          0
        ], 
        [
          16, 
          0, 
          0
        ]
      ]
    }, 
    {
      "op": "null", 
      "name": "p10", 
      "inputs": []
    }, 
    {
      "op": "null", 
      "name": "p11", 
      "inputs": []
    }, 
    {
      "op": "tvm_op", 
      "name": "tvmgen_default_fused_nn_conv2d_add_clip_5", 
      "attrs": {
        "num_outputs": "1", 
        "num_inputs": "3", 
        "data_layout": "NCHW4c", 
        "kernel_layout": "OIHW4o", 
        "hash": "e1d4c84a5a5af09e", 
        "func_name": "tvmgen_default_fused_nn_conv2d_add_clip_5", 
        "out_layout": "NCHW4c", 
        "flatten_data": "0"
      }, 
      "inputs": [
        [
          17, 
          0, 
          0
        ], 
        [
          18, 
          0, 
          0
        ], 
        [
          19, 
          0, 
          0
        ]
      ]
    }, 
    {
      "op": "null", 
      "name": "p12", 
      "inputs": []
    }, 
    {
      "op": "null", 
      "name": "p13", 
      "inputs": []
    }, 
    {
      "op": "tvm_op", 
      "name": "tvmgen_default_fused_nn_conv2d_add_clip_6", 
      "attrs": {
        "num_outputs": "1", 
        "num_inputs": "3", 
        "data_layout": "NCHW4c", 
        "kernel_layout": "OIHW4o", 
        "hash": "67f8c59662e6a76b", 
        "func_name": "tvmgen_default_fused_nn_conv2d_add_clip_6", 
        "out_layout": "NCHW4c", 
        "flatten_data": "0"
      }, 
      "inputs": [
        [
          20, 
          0, 
          0
        ], 
        [
          21, 
          0, 
          0
        ], 
        [
          22, 
          0, 
          0
        ]
      ]
    }, 
    {
      "op": "null", 
      "name": "p14", 
      "inputs": []
    }, 
    {
      "op": "null", 
      "name": "p15", 
      "inputs": []
    }, 
    {
      "op": "tvm_op", 
      "name": "tvmgen_default_fused_nn_conv2d_add_clip_7", 
      "attrs": {
        "num_outputs": "1", 
        "num_inputs": "3", 
        "data_layout": "NCHW4c", 
        "kernel_layout": "OIHW4o", 
        "hash": "1903d14960190a11", 
        "func_name": "tvmgen_default_fused_nn_conv2d_add_clip_7", 
        "out_layout": "NCHW4c", 
        "flatten_data": "0"
      }, 
      "inputs": [
        [
          23, 
          0, 
          0
        ], 
        [
          24, 
          0, 
          0
        ], 
        [
          25, 
          0, 
          0
        ]
      ]
    }, 
    {
      "op": "null", 
      "name": "p16", 
      "inputs": []
    }, 
    {
      "op": "null", 
      "name": "p17", 
      "inputs": []
    }, 
    {
      "op": "tvm_op", 
      "name": "tvmgen_default_fused_nn_conv2d_add_clip_8", 
      "attrs": {
        "num_outputs": "1", 
        "num_inputs": "3", 
        "data_layout": "NCHW4c", 
        "kernel_layout": "OIHW4o", 
        "hash": "0bf0b937461acf83", 
        "func_name": "tvmgen_default_fused_nn_conv2d_add_clip_8", 
        "out_layout": "NCHW4c", 
        "flatten_data": "0"
      }, 
      "inputs": [
        [
          26, 
          0, 
          0
        ], 
        [
          27, 
          0, 
          0
        ], 
        [
          28, 
          0, 
          0
        ]
      ]
    }, 
    {
      "op": "null", 
      "name": "p18", 
      "inputs": []
    }, 
    {
      "op": "null", 
      "name": "p19", 
      "inputs": []
    }, 
    {
      "op": "tvm_op", 
      "name": "tvmgen_default_fused_nn_conv2d_add_clip_9", 
      "attrs": {
        "num_outputs": "1", 
        "num_inputs": "3", 
        "data_layout": "NCHW4c", 
        "kernel_layout": "OIHW4o", 
        "hash": "610e54d0cf086bfa", 
        "func_name": "tvmgen_default_fused_nn_conv2d_add_clip_9", 
        "out_layout": "NCHW4c", 
        "flatten_data": "0"
      }, 
      "inputs": [
        [
          29, 
          0, 
          0
        ], 
        [
          30, 
          0, 
          0
        ], 
        [
          31, 
          0, 
          0
        ]
      ]
    }, 
    {
      "op": "null", 
      "name": "p20", 
      "inputs": []
    }, 
    {
      "op": "null", 
      "name": "p21", 
      "inputs": []
    }, 
    {
      "op": "tvm_op", 
      "name": "tvmgen_default_fused_nn_conv2d_add_clip_10", 
      "attrs": {
        "num_outputs": "1", 
        "num_inputs": "3", 
        "data_layout": "NCHW4c", 
        "kernel_layout": "OIHW4o", 
        "hash": "5ca71a0cec2dfe48", 
        "func_name": "tvmgen_default_fused_nn_conv2d_add_clip_10", 
        "out_layout": "NCHW4c", 
        "flatten_data": "0"
      }, 
      "inputs": [
        [
          32, 
          0, 
          0
        ], 
        [
          33, 
          0, 
          0
        ], 
        [
          34, 
          0, 
          0
        ]
      ]
    }, 
    {
      "op": "null", 
      "name": "p22", 
      "inputs": []
    }, 
    {
      "op": "null", 
      "name": "p23", 
      "inputs": []
    }, 
    {
      "op": "tvm_op", 
      "name": "tvmgen_default_fused_nn_conv2d_add_clip_11", 
      "attrs": {
        "num_outputs": "1", 
        "num_inputs": "3", 
        "data_layout": "NCHW4c", 
        "kernel_layout": "OIHW4o", 
        "hash": "1f71992f144b5aaa", 
        "func_name": "tvmgen_default_fused_nn_conv2d_add_clip_11", 
        "out_layout": "NCHW4c", 
        "flatten_data": "0"
      }, 
      "inputs": [
        [
          35, 
          0, 
          0
        ], 
        [
          36, 
          0, 
          0
        ], 
        [
          37, 
          0, 
          0
        ]
      ]
    }, 
    {
      "op": "null", 
      "name": "p24", 
      "inputs": []
    }, 
    {
      "op": "null", 
      "name": "p25", 
      "inputs": []
    }, 
    {
      "op": "tvm_op", 
      "name": "tvmgen_default_fused_nn_conv2d_add_clip_12", 
      "attrs": {
        "num_outputs": "1", 
        "num_inputs": "3", 
        "data_layout": "NCHW4c", 
        "kernel_layout": "OIHW4o", 
        "hash": "1362bcc407b9ff38", 
        "func_name": "tvmgen_default_fused_nn_conv2d_add_clip_12", 
        "out_layout": "NCHW4c", 
        "flatten_data": "0"
      }, 
      "inputs": [
        [
          38, 
          0, 
          0
        ], 
        [
          39, 
          0, 
          0
        ], 
        [
          40, 
          0, 
          0
        ]
      ]
    }, 
    {
      "op": "null", 
      "name": "p26", 
      "inputs": []
    }, 
    {
      "op": "null", 
      "name": "p27", 
      "inputs": []
    }, 
    {
      "op": "tvm_op", 
      "name": "tvmgen_default_fused_nn_conv2d_add_clip_13", 
      "attrs": {
        "num_outputs": "1", 
        "num_inputs": "3", 
        "data_layout": "NCHW4c", 
        "kernel_layout": "OIHW4o", 
        "hash": "b7ea51115e1c0006", 
        "func_name": "tvmgen_default_fused_nn_conv2d_add_clip_13", 
        "out_layout": "NCHW4c", 
        "flatten_data": "0"
      }, 
      "inputs": [
        [
          41, 
          0, 
          0
        ], 
        [
          42, 
          0, 
          0
        ], 
        [
          43, 
          0, 
          0
        ]
      ]
    }, 
    {
      "op": "null", 
      "name": "p28", 
      "inputs": []
    }, 
    {
      "op": "null", 
      "name": "p29", 
      "inputs": []
    }, 
    {
      "op": "tvm_op", 
      "name": "tvmgen_default_fused_nn_conv2d_add_clip_14", 
      "attrs": {
        "num_outputs": "1", 
        "num_inputs": "3", 
        "data_layout": "NCHW4c", 
        "kernel_layout": "OIHW4o", 
        "hash": "2b55c61fb214a4bf", 
        "func_name": "tvmgen_default_fused_nn_conv2d_add_clip_14", 
        "out_layout": "NCHW4c", 
        "flatten_data": "0"
      }, 
      "inputs": [
        [
          44, 
          0, 
          0
        ], 
        [
          45, 
          0, 
          0
        ], 
        [
          46, 
          0, 
          0
        ]
      ]
    }, 
    {
      "op": "null", 
      "name": "p30", 
      "inputs": []
    }, 
    {
      "op": "null", 
      "name": "p31", 
      "inputs": []
    }, 
    {
      "op": "tvm_op", 
      "name": "tvmgen_default_fused_nn_conv2d_add_clip_15", 
      "attrs": {
        "num_outputs": "1", 
        "num_inputs": "3", 
        "data_layout": "NCHW4c", 
        "kernel_layout": "OIHW4o", 
        "hash": "b7ea51115e1c0006", 
        "func_name": "tvmgen_default_fused_nn_conv2d_add_clip_15", 
        "out_layout": "NCHW4c", 
        "flatten_data": "0"
      }, 
      "inputs": [
        [
          47, 
          0, 
          0
        ], 
        [
          48, 
          0, 
          0
        ], 
        [
          49, 
          0, 
          0
        ]
      ]
    }, 
    {
      "op": "null", 
      "name": "p32", 
      "inputs": []
    }, 
    {
      "op": "null", 
      "name": "p33", 
      "inputs": []
    }, 
    {
      "op": "tvm_op", 
      "name": "tvmgen_default_fused_nn_conv2d_add_clip_16", 
      "attrs": {
        "num_outputs": "1", 
        "num_inputs": "3", 
        "data_layout": "NCHW4c", 
        "kernel_layout": "OIHW4o", 
        "hash": "2b55c61fb214a4bf", 
        "func_name": "tvmgen_default_fused_nn_conv2d_add_clip_16", 
        "out_layout": "NCHW4c", 
        "flatten_data": "0"
      }, 
      "inputs": [
        [
          50, 
          0, 
          0
        ], 
        [
          51, 
          0, 
          0
        ], 
        [
          52, 
          0, 
          0
        ]
      ]
    }, 
    {
      "op": "null", 
      "name": "p34", 
      "inputs": []
    }, 
    {
      "op": "null", 
      "name": "p35", 
      "inputs": []
    }, 
    {
      "op": "tvm_op", 
      "name": "tvmgen_default_fused_nn_conv2d_add_clip_17", 
      "attrs": {
        "num_outputs": "1", 
        "num_inputs": "3", 
        "data_layout": "NCHW4c", 
        "kernel_layout": "OIHW4o", 
        "hash": "b7ea51115e1c0006", 
        "func_name": "tvmgen_default_fused_nn_conv2d_add_clip_17", 
        "out_layout": "NCHW4c", 
        "flatten_data": "0"
      }, 
      "inputs": [
        [
          53, 
          0, 
          0
        ], 
        [
          54, 
          0, 
          0
        ], 
        [
          55, 
          0, 
          0
        ]
      ]
    }, 
    {
      "op": "null", 
      "name": "p36", 
      "inputs": []
    }, 
    {
      "op": "null", 
      "name": "p37", 
      "inputs": []
    }, 
    {
      "op": "tvm_op", 
      "name": "tvmgen_default_fused_nn_conv2d_add_clip_18", 
      "attrs": {
        "num_outputs": "1", 
        "num_inputs": "3", 
        "data_layout": "NCHW4c", 
        "kernel_layout": "OIHW4o", 
        "hash": "2b55c61fb214a4bf", 
        "func_name": "tvmgen_default_fused_nn_conv2d_add_clip_18", 
        "out_layout": "NCHW4c", 
        "flatten_data": "0"
      }, 
      "inputs": [
        [
          56, 
          0, 
          0
        ], 
        [
          57, 
          0, 
          0
        ], 
        [
          58, 
          0, 
          0
        ]
      ]
    }, 
    {
      "op": "null", 
      "name": "p38", 
      "inputs": []
    }, 
    {
      "op": "null", 
      "name": "p39", 
      "inputs": []
    }, 
    {
      "op": "tvm_op", 
      "name": "tvmgen_default_fused_nn_conv2d_add_clip_19", 
      "attrs": {
        "num_outputs": "1", 
        "num_inputs": "3", 
        "data_layout": "NCHW4c", 
        "kernel_layout": "OIHW4o", 
        "hash": "b7ea51115e1c0006", 
        "func_name": "tvmgen_default_fused_nn_conv2d_add_clip_19", 
        "out_layout": "NCHW4c", 
        "flatten_data": "0"
      }, 
      "inputs": [
        [
          59, 
          0, 
          0
        ], 
        [
          60, 
          0, 
          0
        ], 
        [
          61, 
          0, 
          0
        ]
      ]
    }, 
    {
      "op": "null", 
      "name": "p40", 
      "inputs": []
    }, 
    {
      "op": "null", 
      "name": "p41", 
      "inputs": []
    }, 
    {
      "op": "tvm_op", 
      "name": "tvmgen_default_fused_nn_conv2d_add_clip_20", 
      "attrs": {
        "num_outputs": "1", 
        "num_inputs": "3", 
        "data_layout": "NCHW4c", 
        "kernel_layout": "OIHW4o", 
        "hash": "2b55c61fb214a4bf", 
        "func_name": "tvmgen_default_fused_nn_conv2d_add_clip_20", 
        "out_layout": "NCHW4c", 
        "flatten_data": "0"
      }, 
      "inputs": [
        [
          62, 
          0, 
          0
        ], 
        [
          63, 
          0, 
          0
        ], 
        [
          64, 
          0, 
          0
        ]
      ]
    }, 
    {
      "op": "null", 
      "name": "p42", 
      "inputs": []
    }, 
    {
      "op": "null", 
      "name": "p43", 
      "inputs": []
    }, 
    {
      "op": "tvm_op", 
      "name": "tvmgen_default_fused_nn_conv2d_add_clip_21", 
      "attrs": {
        "num_outputs": "1", 
        "num_inputs": "3", 
        "data_layout": "NCHW4c", 
        "kernel_layout": "OIHW4o", 
        "hash": "b7ea51115e1c0006", 
        "func_name": "tvmgen_default_fused_nn_conv2d_add_clip_21", 
        "out_layout": "NCHW4c", 
        "flatten_data": "0"
      }, 
      "inputs": [
        [
          65, 
          0, 
          0
        ], 
        [
          66, 
          0, 
          0
        ], 
        [
          67, 
          0, 
          0
        ]
      ]
    }, 
    {
      "op": "null", 
      "name": "p44", 
      "inputs": []
    }, 
    {
      "op": "null", 
      "name": "p45", 
      "inputs": []
    }, 
    {
      "op": "tvm_op", 
      "name": "tvmgen_default_fused_nn_conv2d_add_clip_22", 
      "attrs": {
        "num_outputs": "1", 
        "num_inputs": "3", 
        "data_layout": "NCHW4c", 
        "kernel_layout": "OIHW4o", 
        "hash": "2b55c61fb214a4bf", 
        "func_name": "tvmgen_default_fused_nn_conv2d_add_clip_22", 
        "out_layout": "NCHW4c", 
        "flatten_data": "0"
      }, 
      "inputs": [
        [
          68, 
          0, 
          0
        ], 
        [
          69, 
          0, 
          0
        ], 
        [
          70, 
          0, 
          0
        ]
      ]
    }, 
    {
      "op": "tvm_op", 
      "name": "tvmgen_default_fused_layout_transform_1", 
      "attrs": {
        "num_outputs": "1", 
        "src_layout": "NCHW4c", 
        "flatten_data": "0", 
        "dst_layout": "NCHW", 
        "hash": "e50bf16bc4d329a7", 
        "func_name": "tvmgen_default_fused_layout_transform_1", 
        "num_inputs": "1"
      }, 
      "inputs": [
        [
          71, 
          0, 
          0
        ]
      ]
    }, 
    {
      "op": "null", 
      "name": "p46", 
      "inputs": []
    }, 
    {
      "op": "null", 
      "name": "p47", 
      "inputs": []
    }, 
    {
      "op": "tvm_op", 
      "name": "tvmgen_default_fused_nn_conv2d_add", 
      "attrs": {
        "num_outputs": "1", 
        "num_inputs": "3", 
        "out_layout": "", 
        "kernel_layout": "OIHW", 
        "hash": "171ccad591cc7d26", 
        "func_name": "tvmgen_default_fused_nn_conv2d_add", 
        "data_layout": "NCHW", 
        "flatten_data": "0"
      }, 
      "inputs": [
        [
          72, 
          0, 
          0
        ], 
        [
          73, 
          0, 
          0
        ], 
        [
          74, 
          0, 
          0
        ]
      ]
    }, 
    {
      "op": "tvm_op", 
      "name": "__copy_1", 
      "attrs": {
        "num_outputs": "1", 
        "num_inputs": "1", 
        "func_name": "__copy", 
        "flatten_data": "0"
      }, 
      "inputs": [
        [
          71, 
          0, 
          0
        ]
      ]
    }, 
    {
      "op": "null", 
      "name": "p48", 
      "inputs": []
    }, 
    {
      "op": "null", 
      "name": "p49", 
      "inputs": []
    }, 
    {
      "op": "tvm_op", 
      "name": "tvmgen_default_fused_nn_conv2d_add_clip_23", 
      "attrs": {
        "num_outputs": "1", 
        "num_inputs": "3", 
        "data_layout": "NCHW4c", 
        "kernel_layout": "OIHW4o", 
        "hash": "ad2e83864a3e71fe", 
        "func_name": "tvmgen_default_fused_nn_conv2d_add_clip_23", 
        "out_layout": "NCHW4c", 
        "flatten_data": "0"
      }, 
      "inputs": [
        [
          76, 
          0, 
          0
        ], 
        [
          77, 
          0, 
          0
        ], 
        [
          78, 
          0, 
          0
        ]
      ]
    }, 
    {
      "op": "null", 
      "name": "p50", 
      "inputs": []
    }, 
    {
      "op": "null", 
      "name": "p51", 
      "inputs": []
    }, 
    {
      "op": "tvm_op", 
      "name": "tvmgen_default_fused_nn_conv2d_add_clip_24", 
      "attrs": {
        "num_outputs": "1", 
        "num_inputs": "3", 
        "data_layout": "NCHW4c", 
        "kernel_layout": "OIHW4o", 
        "hash": "3cb64be2756353b3", 
        "func_name": "tvmgen_default_fused_nn_conv2d_add_clip_24", 
        "out_layout": "NCHW4c", 
        "flatten_data": "0"
      }, 
      "inputs": [
        [
          79, 
          0, 
          0
        ], 
        [
          80, 
          0, 
          0
        ], 
        [
          81, 
          0, 
          0
        ]
      ]
    }, 
    {
      "op": "null", 
      "name": "p52", 
      "inputs": []
    }, 
    {
      "op": "null", 
      "name": "p53", 
      "inputs": []
    }, 
    {
      "op": "tvm_op", 
      "name": "tvmgen_default_fused_nn_conv2d_add_clip_25", 
      "attrs": {
        "num_outputs": "1", 
        "num_inputs": "3", 
        "data_layout": "NCHW4c", 
        "kernel_layout": "OIHW4o", 
        "hash": "600600c6e7236798", 
        "func_name": "tvmgen_default_fused_nn_conv2d_add_clip_25", 
        "out_layout": "NCHW4c", 
        "flatten_data": "0"
      }, 
      "inputs": [
        [
          82, 
          0, 
          0
        ], 
        [
          83, 
          0, 
          0
        ], 
        [
          84, 
          0, 
          0
        ]
      ]
    }, 
    {
      "op": "null", 
      "name": "p54", 
      "inputs": []
    }, 
    {
      "op": "null", 
      "name": "p55", 
      "inputs": []
    }, 
    {
      "op": "tvm_op", 
      "name": "tvmgen_default_fused_nn_conv2d_add_clip_26", 
      "attrs": {
        "num_outputs": "1", 
        "num_inputs": "3", 
        "data_layout": "NCHW4c", 
        "kernel_layout": "OIHW4o", 
        "hash": "13e875e75cbc0254", 
        "func_name": "tvmgen_default_fused_nn_conv2d_add_clip_26", 
        "out_layout": "NCHW4c", 
        "flatten_data": "0"
      }, 
      "inputs": [
        [
          85, 
          0, 
          0
        ], 
        [
          86, 
          0, 
          0
        ], 
        [
          87, 
          0, 
          0
        ]
      ]
    }, 
    {
      "op": "tvm_op", 
      "name": "tvmgen_default_fused_layout_transform_2", 
      "attrs": {
        "num_outputs": "1", 
        "src_layout": "NCHW4c", 
        "flatten_data": "0", 
        "dst_layout": "NCHW", 
        "hash": "b79ad09da497240f", 
        "func_name": "tvmgen_default_fused_layout_transform_2", 
        "num_inputs": "1"
      }, 
      "inputs": [
        [
          88, 
          0, 
          0
        ]
      ]
    }, 
    {
      "op": "null", 
      "name": "p56", 
      "inputs": []
    }, 
    {
      "op": "null", 
      "name": "p57", 
      "inputs": []
    }, 
    {
      "op": "tvm_op", 
      "name": "tvmgen_default_fused_nn_conv2d_add_1", 
      "attrs": {
        "num_outputs": "1", 
        "num_inputs": "3", 
        "data_layout": "NCHW", 
        "kernel_layout": "OIHW", 
        "hash": "dfbd2d28e891fbd7", 
        "func_name": "tvmgen_default_fused_nn_conv2d_add_1", 
        "out_layout": "", 
        "flatten_data": "0"
      }, 
      "inputs": [
        [
          89, 
          0, 
          0
        ], 
        [
          90, 
          0, 
          0
        ], 
        [
          91, 
          0, 
          0
        ]
      ]
    }, 
    {
      "op": "tvm_op", 
      "name": "__copy_2", 
      "attrs": {
        "num_outputs": "1", 
        "num_inputs": "1", 
        "func_name": "__copy", 
        "flatten_data": "0"
      }, 
      "inputs": [
        [
          88, 
          0, 
          0
        ]
      ]
    }, 
    {
      "op": "null", 
      "name": "p58", 
      "inputs": []
    }, 
    {
      "op": "null", 
      "name": "p59", 
      "inputs": []
    }, 
    {
      "op": "tvm_op", 
      "name": "tvmgen_default_fused_nn_conv2d_add_clip_27", 
      "attrs": {
        "num_outputs": "1", 
        "num_inputs": "3", 
        "data_layout": "NCHW4c", 
        "kernel_layout": "OIHW4o", 
        "hash": "c71eed4564087020", 
        "func_name": "tvmgen_default_fused_nn_conv2d_add_clip_27", 
        "out_layout": "NCHW4c", 
        "flatten_data": "0"
      }, 
      "inputs": [
        [
          93, 
          0, 
          0
        ], 
        [
          94, 
          0, 
          0
        ], 
        [
          95, 
          0, 
          0
        ]
      ]
    }, 
    {
      "op": "null", 
      "name": "p60", 
      "inputs": []
    }, 
    {
      "op": "null", 
      "name": "p61", 
      "inputs": []
    }, 
    {
      "op": "tvm_op", 
      "name": "tvmgen_default_fused_nn_conv2d_add_clip_28", 
      "attrs": {
        "num_outputs": "1", 
        "num_inputs": "3", 
        "data_layout": "NCHW4c", 
        "kernel_layout": "OIHW4o", 
        "hash": "8dbd67d4d6e83382", 
        "func_name": "tvmgen_default_fused_nn_conv2d_add_clip_28", 
        "out_layout": "NCHW4c", 
        "flatten_data": "0"
      }, 
      "inputs": [
        [
          96, 
          0, 
          0
        ], 
        [
          97, 
          0, 
          0
        ], 
        [
          98, 
          0, 
          0
        ]
      ]
    }, 
    {
      "op": "tvm_op", 
      "name": "tvmgen_default_fused_layout_transform_3", 
      "attrs": {
        "num_outputs": "1", 
        "src_layout": "NCHW4c", 
        "flatten_data": "0", 
        "dst_layout": "NCHW", 
        "hash": "3f67b2459aeeb820", 
        "func_name": "tvmgen_default_fused_layout_transform_3", 
        "num_inputs": "1"
      }, 
      "inputs": [
        [
          99, 
          0, 
          0
        ]
      ]
    }, 
    {
      "op": "null", 
      "name": "p62", 
      "inputs": []
    }, 
    {
      "op": "null", 
      "name": "p63", 
      "inputs": []
    }, 
    {
      "op": "tvm_op", 
      "name": "tvmgen_default_fused_nn_conv2d_add_2", 
      "attrs": {
        "num_outputs": "1", 
        "num_inputs": "3", 
        "data_layout": "NCHW", 
        "kernel_layout": "OIHW", 
        "hash": "ea85a4a676b39def", 
        "func_name": "tvmgen_default_fused_nn_conv2d_add_2", 
        "out_layout": "", 
        "flatten_data": "0"
      }, 
      "inputs": [
        [
          100, 
          0, 
          0
        ], 
        [
          101, 
          0, 
          0
        ], 
        [
          102, 
          0, 
          0
        ]
      ]
    }, 
    {
      "op": "tvm_op", 
      "name": "__copy_3", 
      "attrs": {
        "num_outputs": "1", 
        "num_inputs": "1", 
        "func_name": "__copy", 
        "flatten_data": "0"
      }, 
      "inputs": [
        [
          99, 
          0, 
          0
        ]
      ]
    }, 
    {
      "op": "null", 
      "name": "p64", 
      "inputs": []
    }, 
    {
      "op": "null", 
      "name": "p65", 
      "inputs": []
    }, 
    {
      "op": "tvm_op", 
      "name": "tvmgen_default_fused_nn_conv2d_add_clip_29", 
      "attrs": {
        "num_outputs": "1", 
        "num_inputs": "3", 
        "data_layout": "NCHW4c", 
        "kernel_layout": "OIHW4o", 
        "hash": "7df58bbe3fac0139", 
        "func_name": "tvmgen_default_fused_nn_conv2d_add_clip_29", 
        "out_layout": "NCHW4c", 
        "flatten_data": "0"
      }, 
      "inputs": [
        [
          104, 
          0, 
          0
        ], 
        [
          105, 
          0, 
          0
        ], 
        [
          106, 
          0, 
          0
        ]
      ]
    }, 
    {
      "op": "null", 
      "name": "p66", 
      "inputs": []
    }, 
    {
      "op": "null", 
      "name": "p67", 
      "inputs": []
    }, 
    {
      "op": "tvm_op", 
      "name": "tvmgen_default_fused_nn_conv2d_add_clip_30", 
      "attrs": {
        "num_outputs": "1", 
        "num_inputs": "3", 
        "data_layout": "NCHW4c", 
        "kernel_layout": "OIHW4o", 
        "hash": "9404c4e73d9da966", 
        "func_name": "tvmgen_default_fused_nn_conv2d_add_clip_30", 
        "out_layout": "NCHW4c", 
        "flatten_data": "0"
      }, 
      "inputs": [
        [
          107, 
          0, 
          0
        ], 
        [
          108, 
          0, 
          0
        ], 
        [
          109, 
          0, 
          0
        ]
      ]
    }, 
    {
      "op": "tvm_op", 
      "name": "tvmgen_default_fused_layout_transform_4", 
      "attrs": {
        "num_outputs": "1", 
        "src_layout": "NCHW4c", 
        "flatten_data": "0", 
        "dst_layout": "NCHW", 
        "hash": "87270fd0be4e2514", 
        "func_name": "tvmgen_default_fused_layout_transform_4", 
        "num_inputs": "1"
      }, 
      "inputs": [
        [
          110, 
          0, 
          0
        ]
      ]
    }, 
    {
      "op": "null", 
      "name": "p68", 
      "inputs": []
    }, 
    {
      "op": "null", 
      "name": "p69", 
      "inputs": []
    }, 
    {
      "op": "tvm_op", 
      "name": "tvmgen_default_fused_nn_conv2d_add_3", 
      "attrs": {
        "num_outputs": "1", 
        "num_inputs": "3", 
        "data_layout": "NCHW", 
        "kernel_layout": "OIHW", 
        "hash": "0d0b3ba19d160f48", 
        "func_name": "tvmgen_default_fused_nn_conv2d_add_3", 
        "out_layout": "", 
        "flatten_data": "0"
      }, 
      "inputs": [
        [
          111, 
          0, 
          0
        ], 
        [
          112, 
          0, 
          0
        ], 
        [
          113, 
          0, 
          0
        ]
      ]
    }, 
    {
      "op": "tvm_op", 
      "name": "__copy_4", 
      "attrs": {
        "num_outputs": "1", 
        "num_inputs": "1", 
        "func_name": "__copy", 
        "flatten_data": "0"
      }, 
      "inputs": [
        [
          110, 
          0, 
          0
        ]
      ]
    }, 
    {
      "op": "null", 
      "name": "p70", 
      "inputs": []
    }, 
    {
      "op": "null", 
      "name": "p71", 
      "inputs": []
    }, 
    {
      "op": "tvm_op", 
      "name": "tvmgen_default_fused_nn_conv2d_add_clip_31", 
      "attrs": {
        "num_outputs": "1", 
        "num_inputs": "3", 
        "data_layout": "NCHW4c", 
        "kernel_layout": "OIHW4o", 
        "hash": "5e13b2ad0261de25", 
        "func_name": "tvmgen_default_fused_nn_conv2d_add_clip_31", 
        "out_layout": "NCHW4c", 
        "flatten_data": "0"
      }, 
      "inputs": [
        [
          115, 
          0, 
          0
        ], 
        [
          116, 
          0, 
          0
        ], 
        [
          117, 
          0, 
          0
        ]
      ]
    }, 
    {
      "op": "null", 
      "name": "p72", 
      "inputs": []
    }, 
    {
      "op": "null", 
      "name": "p73", 
      "inputs": []
    }, 
    {
      "op": "tvm_op", 
      "name": "tvmgen_default_fused_nn_conv2d_add_clip_32", 
      "attrs": {
        "num_outputs": "1", 
        "num_inputs": "3", 
        "data_layout": "NCHW4c", 
        "kernel_layout": "OIHW4o", 
        "hash": "abf2a8eaa51ba5ad", 
        "func_name": "tvmgen_default_fused_nn_conv2d_add_clip_32", 
        "out_layout": "NCHW4c", 
        "flatten_data": "0"
      }, 
      "inputs": [
        [
          118, 
          0, 
          0
        ], 
        [
          119, 
          0, 
          0
        ], 
        [
          120, 
          0, 
          0
        ]
      ]
    }, 
    {
      "op": "tvm_op", 
      "name": "tvmgen_default_fused_layout_transform_5", 
      "attrs": {
        "num_outputs": "1", 
        "src_layout": "NCHW4c", 
        "flatten_data": "0", 
        "dst_layout": "NCHW", 
        "hash": "b0b75d32f29afac5", 
        "func_name": "tvmgen_default_fused_layout_transform_5", 
        "num_inputs": "1"
      }, 
      "inputs": [
        [
          121, 
          0, 
          0
        ]
      ]
    }, 
    {
      "op": "null", 
      "name": "p74", 
      "inputs": []
    }, 
    {
      "op": "null", 
      "name": "p75", 
      "inputs": []
    }, 
    {
      "op": "tvm_op", 
      "name": "tvmgen_default_fused_nn_conv2d_add_4", 
      "attrs": {
        "num_outputs": "1", 
        "num_inputs": "3", 
        "data_layout": "NCHW", 
        "kernel_layout": "OIHW", 
        "hash": "035e92e61feb4d2e", 
        "func_name": "tvmgen_default_fused_nn_conv2d_add_4", 
        "out_layout": "", 
        "flatten_data": "0"
      }, 
      "inputs": [
        [
          122, 
          0, 
          0
        ], 
        [
          123, 
          0, 
          0
        ], 
        [
          124, 
          0, 
          0
        ]
      ]
    }, 
    {
      "op": "tvm_op", 
      "name": "__copy_5", 
      "attrs": {
        "num_outputs": "1", 
        "num_inputs": "1", 
        "func_name": "__copy", 
        "flatten_data": "0"
      }, 
      "inputs": [
        [
          121, 
          0, 
          0
        ]
      ]
    }, 
    {
      "op": "null", 
      "name": "p76", 
      "inputs": []
    }, 
    {
      "op": "null", 
      "name": "p77", 
      "inputs": []
    }, 
    {
      "op": "tvm_op", 
      "name": "tvmgen_default_fused_nn_conv2d_add_clip_33", 
      "attrs": {
        "num_outputs": "1", 
        "num_inputs": "3", 
        "data_layout": "NCHW4c", 
        "kernel_layout": "OIHW4o", 
        "hash": "34d8e60cd04e8a73", 
        "func_name": "tvmgen_default_fused_nn_conv2d_add_clip_33", 
        "out_layout": "NCHW4c", 
        "flatten_data": "0"
      }, 
      "inputs": [
        [
          126, 
          0, 
          0
        ], 
        [
          127, 
          0, 
          0
        ], 
        [
          128, 
          0, 
          0
        ]
      ]
    }, 
    {
      "op": "null", 
      "name": "p78", 
      "inputs": []
    }, 
    {
      "op": "null", 
      "name": "p79", 
      "inputs": []
    }, 
    {
      "op": "tvm_op", 
      "name": "tvmgen_default_fused_nn_conv2d_add_clip_34", 
      "attrs": {
        "num_outputs": "1", 
        "num_inputs": "3", 
        "data_layout": "NCHW4c", 
        "kernel_layout": "OIHW4o", 
        "hash": "38d4c30acce7d580", 
        "func_name": "tvmgen_default_fused_nn_conv2d_add_clip_34", 
        "out_layout": "NCHW4c", 
        "flatten_data": "0"
      }, 
      "inputs": [
        [
          129, 
          0, 
          0
        ], 
        [
          130, 
          0, 
          0
        ], 
        [
          131, 
          0, 
          0
        ]
      ]
    }, 
    {
      "op": "tvm_op", 
      "name": "tvmgen_default_fused_layout_transform_6", 
      "attrs": {
        "num_outputs": "1", 
        "src_layout": "NCHW4c", 
        "flatten_data": "0", 
        "dst_layout": "NCHW", 
        "hash": "c03aabcf6abe29a7", 
        "func_name": "tvmgen_default_fused_layout_transform_6", 
        "num_inputs": "1"
      }, 
      "inputs": [
        [
          132, 
          0, 
          0
        ]
      ]
    }, 
    {
      "op": "null", 
      "name": "p80", 
      "inputs": []
    }, 
    {
      "op": "null", 
      "name": "p81", 
      "inputs": []
    }, 
    {
      "op": "tvm_op", 
      "name": "tvmgen_default_fused_nn_conv2d_add_5", 
      "attrs": {
        "num_outputs": "1", 
        "num_inputs": "3", 
        "data_layout": "NCHW", 
        "kernel_layout": "OIHW", 
        "hash": "2141ad8d31898b79", 
        "func_name": "tvmgen_default_fused_nn_conv2d_add_5", 
        "out_layout": "", 
        "flatten_data": "0"
      }, 
      "inputs": [
        [
          133, 
          0, 
          0
        ], 
        [
          134, 
          0, 
          0
        ], 
        [
          135, 
          0, 
          0
        ]
      ]
    }, 
    {
      "op": "tvm_op", 
      "name": "tvmgen_default_fused_layout_transform_reshape_layout_transform_reshape_layout_transform_reshape_c148643186548d01_", 
      "attrs": {
        "num_outputs": "1", 
        "src_layout": "NCHW", 
        "flatten_data": "0", 
        "dst_layout": "NHWC", 
        "hash": "556034b380d512b1", 
        "func_name": "tvmgen_default_fused_layout_transform_reshape_layout_transform_reshape_layout_transform_reshape_c148643186548d01_", 
        "num_inputs": "6"
      }, 
      "inputs": [
        [
          75, 
          0, 
          0
        ], 
        [
          92, 
          0, 
          0
        ], 
        [
          103, 
          0, 
          0
        ], 
        [
          114, 
          0, 
          0
        ], 
        [
          125, 
          0, 
          0
        ], 
        [
          136, 
          0, 
          0
        ]
      ]
    }, 
    {
      "op": "tvm_op", 
      "name": "__copy_6", 
      "attrs": {
        "num_outputs": "1", 
        "num_inputs": "1", 
        "func_name": "__copy", 
        "flatten_data": "0"
      }, 
      "inputs": [
        [
          71, 
          0, 
          0
        ]
      ]
    }, 
    {
      "op": "null", 
      "name": "p82", 
      "inputs": []
    }, 
    {
      "op": "null", 
      "name": "p83", 
      "inputs": []
    }, 
    {
      "op": "tvm_op", 
      "name": "tvmgen_default_fused_nn_conv2d_add_6", 
      "attrs": {
        "num_outputs": "1", 
        "num_inputs": "3", 
        "data_layout": "NCHW4c", 
        "kernel_layout": "OIHW4o", 
        "hash": "80472a827538b79d", 
        "func_name": "tvmgen_default_fused_nn_conv2d_add_6", 
        "out_layout": "NCHW4c", 
        "flatten_data": "0"
      }, 
      "inputs": [
        [
          138, 
          0, 
          0
        ], 
        [
          139, 
          0, 
          0
        ], 
        [
          140, 
          0, 
          0
        ]
      ]
    }, 
    {
      "op": "tvm_op", 
      "name": "__copy_7", 
      "attrs": {
        "num_outputs": "1", 
        "num_inputs": "1", 
        "func_name": "__copy", 
        "flatten_data": "0"
      }, 
      "inputs": [
        [
          88, 
          0, 
          0
        ]
      ]
    }, 
    {
      "op": "null", 
      "name": "p84", 
      "inputs": []
    }, 
    {
      "op": "null", 
      "name": "p85", 
      "inputs": []
    }, 
    {
      "op": "tvm_op", 
      "name": "tvmgen_default_fused_nn_conv2d_add_7", 
      "attrs": {
        "num_outputs": "1", 
        "num_inputs": "3", 
        "data_layout": "NCHW4c", 
        "kernel_layout": "OIHW4o", 
        "hash": "59db5418d12bfb17", 
        "func_name": "tvmgen_default_fused_nn_conv2d_add_7", 
        "out_layout": "NCHW4c", 
        "flatten_data": "0"
      }, 
      "inputs": [
        [
          142, 
          0, 
          0
        ], 
        [
          143, 
          0, 
          0
        ], 
        [
          144, 
          0, 
          0
        ]
      ]
    }, 
    {
      "op": "tvm_op", 
      "name": "__copy_8", 
      "attrs": {
        "num_outputs": "1", 
        "num_inputs": "1", 
        "func_name": "__copy", 
        "flatten_data": "0"
      }, 
      "inputs": [
        [
          99, 
          0, 
          0
        ]
      ]
    }, 
    {
      "op": "null", 
      "name": "p86", 
      "inputs": []
    }, 
    {
      "op": "null", 
      "name": "p87", 
      "inputs": []
    }, 
    {
      "op": "tvm_op", 
      "name": "tvmgen_default_fused_nn_conv2d_add_8", 
      "attrs": {
        "num_outputs": "1", 
        "num_inputs": "3", 
        "data_layout": "NCHW4c", 
        "kernel_layout": "OIHW4o", 
        "hash": "0e8862180cdec4a7", 
        "func_name": "tvmgen_default_fused_nn_conv2d_add_8", 
        "out_layout": "NCHW4c", 
        "flatten_data": "0"
      }, 
      "inputs": [
        [
          146, 
          0, 
          0
        ], 
        [
          147, 
          0, 
          0
        ], 
        [
          148, 
          0, 
          0
        ]
      ]
    }, 
    {
      "op": "tvm_op", 
      "name": "__copy_9", 
      "attrs": {
        "num_outputs": "1", 
        "num_inputs": "1", 
        "func_name": "__copy", 
        "flatten_data": "0"
      }, 
      "inputs": [
        [
          110, 
          0, 
          0
        ]
      ]
    }, 
    {
      "op": "null", 
      "name": "p88", 
      "inputs": []
    }, 
    {
      "op": "null", 
      "name": "p89", 
      "inputs": []
    }, 
    {
      "op": "tvm_op", 
      "name": "tvmgen_default_fused_nn_conv2d_add_9", 
      "attrs": {
        "num_outputs": "1", 
        "num_inputs": "3", 
        "data_layout": "NCHW4c", 
        "kernel_layout": "OIHW4o", 
        "hash": "693d7b6c57abd387", 
        "func_name": "tvmgen_default_fused_nn_conv2d_add_9", 
        "out_layout": "NCHW4c", 
        "flatten_data": "0"
      }, 
      "inputs": [
        [
          150, 
          0, 
          0
        ], 
        [
          151, 
          0, 
          0
        ], 
        [
          152, 
          0, 
          0
        ]
      ]
    }, 
    {
      "op": "tvm_op", 
      "name": "__copy_10", 
      "attrs": {
        "num_outputs": "1", 
        "num_inputs": "1", 
        "func_name": "__copy", 
        "flatten_data": "0"
      }, 
      "inputs": [
        [
          121, 
          0, 
          0
        ]
      ]
    }, 
    {
      "op": "null", 
      "name": "p90", 
      "inputs": []
    }, 
    {
      "op": "null", 
      "name": "p91", 
      "inputs": []
    }, 
    {
      "op": "tvm_op", 
      "name": "tvmgen_default_fused_nn_conv2d_add_10", 
      "attrs": {
        "num_outputs": "1", 
        "num_inputs": "3", 
        "data_layout": "NCHW4c", 
        "kernel_layout": "OIHW4o", 
        "hash": "bd2d55797fcaaeb2", 
        "func_name": "tvmgen_default_fused_nn_conv2d_add_10", 
        "out_layout": "NCHW4c", 
        "flatten_data": "0"
      }, 
      "inputs": [
        [
          154, 
          0, 
          0
        ], 
        [
          155, 
          0, 
          0
        ], 
        [
          156, 
          0, 
          0
        ]
      ]
    }, 
    {
      "op": "tvm_op", 
      "name": "__copy_11", 
      "attrs": {
        "num_outputs": "1", 
        "num_inputs": "1", 
        "func_name": "__copy", 
        "flatten_data": "0"
      }, 
      "inputs": [
        [
          132, 
          0, 
          0
        ]
      ]
    }, 
    {
      "op": "null", 
      "name": "p92", 
      "inputs": []
    }, 
    {
      "op": "null", 
      "name": "p93", 
      "inputs": []
    }, 
    {
      "op": "tvm_op", 
      "name": "tvmgen_default_fused_nn_conv2d_add_11", 
      "attrs": {
        "num_outputs": "1", 
        "num_inputs": "3", 
        "data_layout": "NCHW4c", 
        "kernel_layout": "OIHW4o", 
        "hash": "7c53c79f72da659f", 
        "func_name": "tvmgen_default_fused_nn_conv2d_add_11", 
        "out_layout": "NCHW4c", 
        "flatten_data": "0"
      }, 
      "inputs": [
        [
          158, 
          0, 
          0
        ], 
        [
          159, 
          0, 
          0
        ], 
        [
          160, 
          0, 
          0
        ]
      ]
    }, 
    {
      "op": "tvm_op", 
      "name": "tvmgen_default_fused_layout_transform_layout_transform_reshape_layout_transform_layout_transfor_eedf898bfcb28896_", 
      "attrs": {
        "num_outputs": "1", 
        "src_layout": "NCHW", 
        "flatten_data": "0", 
        "dst_layout": "NHWC", 
        "hash": "36f5e87c44bd84e3", 
        "func_name": "tvmgen_default_fused_layout_transform_layout_transform_reshape_layout_transform_layout_transfor_eedf898bfcb28896_", 
        "num_inputs": "6"
      }, 
      "inputs": [
        [
          141, 
          0, 
          0
        ], 
        [
          145, 
          0, 
          0
        ], 
        [
          149, 
          0, 
          0
        ], 
        [
          153, 
          0, 
          0
        ], 
        [
          157, 
          0, 
          0
        ], 
        [
          161, 
          0, 
          0
        ]
      ]
    }, 
    {
      "op": "null", 
      "name": "p94", 
      "inputs": []
    }, 
    {
      "op": "tvm_op", 
      "name": "tvmgen_default_fused_vision_multibox_transform_loc", 
      "attrs": {
        "num_outputs": "2", 
        "num_inputs": "3", 
        "flatten_data": "0", 
        "hash": "0d219609e6ae5b64", 
        "func_name": "tvmgen_default_fused_vision_multibox_transform_loc"
      }, 
      "inputs": [
        [
          137, 
          0, 
          0
        ], 
        [
          162, 
          0, 
          0
        ], 
        [
          163, 
          0, 
          0
        ]
      ]
    }, 
    {
      "op": "null", 
      "name": "p95", 
      "inputs": []
    }, 
    {
      "op": "null", 
      "name": "p96", 
      "inputs": []
    }, 
    {
      "op": "tvm_op", 
      "name": "tvmgen_default_fused_vision_non_max_suppression", 
      "attrs": {
        "num_outputs": "1", 
        "num_inputs": "4", 
        "flatten_data": "0", 
        "hash": "7e3c5c187ba71486", 
        "func_name": "tvmgen_default_fused_vision_non_max_suppression"
      }, 
      "inputs": [
        [
          164, 
          0, 
          0
        ], 
        [
          164, 
          1, 
          0
        ], 
        [
          165, 
          0, 
          0
        ], 
        [
          166, 
          0, 
          0
        ]
      ]
    }, 
    {
      "op": "null", 
      "name": "p97", 
      "inputs": []
    }, 
    {
      "op": "tvm_op", 
      "name": "tvmgen_default_fused_vision_get_valid_counts", 
      "attrs": {
        "num_outputs": "3", 
        "num_inputs": "2", 
        "flatten_data": "0", 
        "hash": "0eea33bf33e0875f", 
        "func_name": "tvmgen_default_fused_vision_get_valid_counts"
      }, 
      "inputs": [
        [
          167, 
          0, 
          0
        ], 
        [
          168, 
          0, 
          0
        ]
      ]
    }, 
    {
      "op": "tvm_op", 
      "name": "tvmgen_default_fused_strided_slice_split", 
      "attrs": {
        "num_outputs": "6", 
        "num_inputs": "3", 
        "flatten_data": "0", 
        "hash": "de4a4fc8439fc191", 
        "func_name": "tvmgen_default_fused_strided_slice_split"
      }, 
      "inputs": [
        [
          169, 
          0, 
          0
        ], 
        [
          169, 
          1, 
          0
        ], 
        [
          169, 
          2, 
          0
        ]
      ]
    }, 
    {
      "op": "tvm_op", 
      "name": "tvmgen_default_fused_concatenate", 
      "attrs": {
        "num_outputs": "1", 
        "num_inputs": "6", 
        "flatten_data": "0", 
        "hash": "64ae0b3e218d6be1", 
        "func_name": "tvmgen_default_fused_concatenate"
      }, 
      "inputs": [
        [
          170, 
          0, 
          0
        ], 
        [
          170, 
          1, 
          0
        ], 
        [
          170, 
          2, 
          0
        ], 
        [
          170, 
          3, 
          0
        ], 
        [
          170, 
          4, 
          0
        ], 
        [
          170, 
          5, 
          0
        ]
      ]
    }, 
    {
      "op": "tvm_op", 
      "name": "tvmgen_default_fused_reshape", 
      "attrs": {
        "num_outputs": "1", 
        "num_inputs": "6", 
        "flatten_data": "0", 
        "hash": "e66e0e0926d86a53", 
        "func_name": "tvmgen_default_fused_reshape"
      }, 
      "inputs": [
        [
          170, 
          0, 
          0
        ], 
        [
          170, 
          1, 
          0
        ], 
        [
          170, 
          2, 
          0
        ], 
        [
          170, 
          3, 
          0
        ], 
        [
          170, 
          4, 
          0
        ], 
        [
          170, 
          5, 
          0
        ]
      ]
    }, 
    {
      "op": "tvm_op", 
      "name": "tvmgen_default_fused_reshape_1", 
      "attrs": {
        "num_outputs": "1", 
        "num_inputs": "6", 
        "flatten_data": "0", 
        "hash": "e492ad64fb6897e3", 
        "func_name": "tvmgen_default_fused_reshape_1"
      }, 
      "inputs": [
        [
          170, 
          0, 
          0
        ], 
        [
          170, 
          1, 
          0
        ], 
        [
          170, 
          2, 
          0
        ], 
        [
          170, 
          3, 
          0
        ], 
        [
          170, 
          4, 
          0
        ], 
        [
          170, 
          5, 
          0
        ]
      ]
    }
  ], 
  "arg_nodes": [
    0, 
    2, 
    3, 
    6, 
    7, 
    9, 
    10, 
    12, 
    13, 
    15, 
    16, 
    18, 
    19, 
    21, 
    22, 
    24, 
    25, 
    27, 
    28, 
    30, 
    31, 
    33, 
    34, 
    36, 
    37, 
    39, 
    40, 
    42, 
    43, 
    45, 
    46, 
    48, 
    49, 
    51, 
    52, 
    54, 
    55, 
    57, 
    58, 
    60, 
    61, 
    63, 
    64, 
    66, 
    67, 
    69, 
    70, 
    73, 
    74, 
    77, 
    78, 
    80, 
    81, 
    83, 
    84, 
    86, 
    87, 
    90, 
    91, 
    94, 
    95, 
    97, 
    98, 
    101, 
    102, 
    105, 
    106, 
    108, 
    109, 
    112, 
    113, 
    116, 
    117, 
    119, 
    120, 
    123, 
    124, 
    127, 
    128, 
    130, 
    131, 
    134, 
    135, 
    139, 
    140, 
    143, 
    144, 
    147, 
    148, 
    151, 
    152, 
    155, 
    156, 
    159, 
    160, 
    163, 
    165, 
    166, 
    168
  ], 
  "heads": [
    [
      171, 
      0, 
      0
    ], 
    [
      172, 
      0, 
      0
    ], 
    [
      173, 
      0, 
      0
    ], 
    [
      169, 
      0, 
      0
    ]
  ], 
  "attrs": {
    "dltype": [
      "list_str", 
      [
        "float32", 
        "float32", 
        "float32", 
        "float32", 
        "float32", 
        "float32", 
        "float32", 
        "float32", 
        "float32", 
        "float32", 
        "float32", 
        "float32", 
        "float32", 
        "float32", 
        "float32", 
        "float32", 
        "float32", 
        "float32", 
        "float32", 
        "float32", 
        "float32", 
        "float32", 
        "float32", 
        "float32", 
        "float32", 
        "float32", 
        "float32", 
        "float32", 
        "float32", 
        "float32", 
        "float32", 
        "float32", 
        "float32", 
        "float32", 
        "float32", 
        "float32", 
        "float32", 
        "float32", 
        "float32", 
        "float32", 
        "float32", 
        "float32", 
        "float32", 
        "float32", 
        "float32", 
        "float32", 
        "float32", 
        "float32", 
        "float32", 
        "float32", 
        "float32", 
        "float32", 
        "float32", 
        "float32", 
        "float32", 
        "float32", 
        "float32", 
        "float32", 
        "float32", 
        "float32", 
        "float32", 
        "float32", 
        "float32", 
        "float32", 
        "float32", 
        "float32", 
        "float32", 
        "float32", 
        "float32", 
        "float32", 
        "float32", 
        "float32", 
        "float32", 
        "float32", 
        "float32", 
        "float32", 
        "float32", 
        "float32", 
        "float32", 
        "float32", 
        "float32", 
        "float32", 
        "float32", 
        "float32", 
        "float32", 
        "float32", 
        "float32", 
        "float32", 
        "float32", 
        "float32", 
        "float32", 
        "float32", 
        "float32", 
        "float32", 
        "float32", 
        "float32", 
        "float32", 
        "float32", 
        "float32", 
        "float32", 
        "float32", 
        "float32", 
        "float32", 
        "float32", 
        "float32", 
        "float32", 
        "float32", 
        "float32", 
        "float32", 
        "float32", 
        "float32", 
        "float32", 
        "float32", 
        "float32", 
        "float32", 
        "float32", 
        "float32", 
        "float32", 
        "float32", 
        "float32", 
        "float32", 
        "float32", 
        "float32", 
        "float32", 
        "float32", 
        "float32", 
        "float32", 
        "float32", 
        "float32", 
        "float32", 
        "float32", 
        "float32", 
        "float32", 
        "float32", 
        "float32", 
        "float32", 
        "float32", 
        "float32", 
        "float32", 
        "float32", 
        "float32", 
        "float32", 
        "float32", 
        "float32", 
        "float32", 
        "float32", 
        "float32", 
        "float32", 
        "float32", 
        "float32", 
        "float32", 
        "float32", 
        "float32", 
        "float32", 
        "float32", 
        "float32", 
        "float32", 
        "float32", 
        "float32", 
        "float32", 
        "float32", 
        "float32", 
        "float32", 
        "float32", 
        "float32", 
        "int32", 
        "int32", 
        "float32", 
        "float32", 
        "float32", 
        "int32", 
        "float32", 
        "int32", 
        "float32", 
        "float32", 
        "float32", 
        "float32", 
        "float32", 
        "float32", 
        "float32", 
        "float32", 
        "float32"
      ]
    ], 
    "storage_scope": [
      "list_str", 
      [
        "global", 
        "global", 
        "global", 
        "global", 
        "global", 
        "global.texture", 
        "global.texture-weight", 
        "global.texture-weight", 
        "global.texture", 
        "global.texture-weight", 
        "global.texture-weight", 
        "global.texture", 
        "global.texture-weight", 
        "global.texture-weight", 
        "global.texture", 
        "global.texture-weight", 
        "global.texture-weight", 
        "global.texture", 
        "global.texture-weight", 
        "global.texture-weight", 
        "global.texture", 
        "global.texture-weight", 
        "global.texture-weight", 
        "global.texture", 
        "global.texture-weight", 
        "global.texture-weight", 
        "global.texture", 
        "global.texture-weight", 
        "global.texture-weight", 
        "global.texture-nhwc", 
        "global.texture-weight", 
        "global.texture-weight", 
        "global.texture-nhwc", 
        "global.texture-weight", 
        "global.texture-weight", 
        "global.texture-nhwc", 
        "global.texture-weight", 
        "global.texture-weight", 
        "global.texture-nhwc", 
        "global.texture-weight", 
        "global.texture-weight", 
        "global.texture-nhwc", 
        "global.texture-weight", 
        "global.texture-weight", 
        "global.texture-nhwc", 
        "global.texture-weight", 
        "global.texture-weight", 
        "global.texture-nhwc", 
        "global.texture-weight", 
        "global.texture-weight", 
        "global.texture-nhwc", 
        "global.texture-weight", 
        "global.texture-weight", 
        "global.texture-nhwc", 
        "global.texture-weight", 
        "global.texture-weight", 
        "global.texture-nhwc", 
        "global.texture-weight", 
        "global.texture-weight", 
        "global.texture-nhwc", 
        "global.texture-weight", 
        "global.texture-weight", 
        "global.texture-nhwc", 
        "global.texture-weight", 
        "global.texture-weight", 
        "global.texture-nhwc", 
        "global.texture-weight", 
        "global.texture-weight", 
        "global.texture-nhwc", 
        "global.texture-weight", 
        "global.texture-weight", 
        "global", 
        "", 
        "", 
        "", 
        "", 
        "global.texture-nhwc", 
        "global.texture-weight", 
        "global.texture-weight", 
        "global.texture-nhwc", 
        "global.texture-weight", 
        "global.texture-weight", 
        "global.texture", 
        "global.texture-weight", 
        "global.texture-weight", 
        "global.texture", 
        "global.texture-weight", 
        "global.texture-weight", 
        "global", 
        "", 
        "", 
        "", 
        "", 
        "global.texture-nhwc", 
        "global.texture-weight", 
        "global.texture-weight", 
        "global.texture-nhwc", 
        "global.texture-weight", 
        "global.texture-weight", 
        "global", 
        "", 
        "", 
        "", 
        "", 
        "global.texture-nhwc", 
        "global.texture-weight", 
        "global.texture-weight", 
        "global.texture-nhwc", 
        "global.texture-weight", 
        "global.texture-weight", 
        "global", 
        "", 
        "", 
        "", 
        "", 
        "global.texture-nhwc", 
        "global.texture-weight", 
        "global.texture-weight", 
        "global.texture-nhwc", 
        "global.texture-weight", 
        "global.texture-weight", 
        "global", 
        "", 
        "", 
        "", 
        "", 
        "global.texture-nhwc", 
        "global.texture-weight", 
        "global.texture-weight", 
        "global.texture-nhwc", 
        "global.texture-weight", 
        "global.texture-weight", 
        "global", 
        "", 
        "", 
        "", 
        "", 
        "", 
        "global.texture-nhwc", 
        "global.texture-weight", 
        "global.texture-weight", 
        "", 
        "global.texture-nhwc", 
        "global.texture-weight", 
        "global.texture-weight", 
        "", 
        "global.texture-nhwc", 
        "global.texture-weight", 
        "global.texture-weight", 
        "", 
        "global.texture-nhwc", 
        "global.texture-weight", 
        "global.texture-weight", 
        "", 
        "global.texture-nhwc", 
        "global.texture-weight", 
        "global.texture-weight", 
        "", 
        "global.texture-nhwc", 
        "global.texture-weight", 
        "global.texture-weight", 
        "", 
        "", 
        "", 
        "", 
        "", 
        "", 
        "", 
        "", 
        "", 
        "", 
        "", 
        "", 
        "", 
        "", 
        "", 
        "", 
        "", 
        "", 
        "", 
        "", 
        ""
      ]
    ], 
    "shape": [
      "list_shape", 
      [
        [1, 300, 300, 3], 
        [1, 3, 300, 300], 
        [8, 3, 3, 3, 4], 
        [1, 8, 1, 1, 4], 
        [1, 8, 150, 150, 4], 
        [1, 8, 150, 150, 4], 
        [8, 1, 3, 3, 4], 
        [1, 8, 1, 1, 4], 
        [1, 8, 150, 150, 4], 
        [16, 32, 1, 1, 4], 
        [1, 16, 1, 1, 4], 
        [1, 16, 150, 150, 4], 
        [16, 1, 3, 3, 4], 
        [1, 16, 1, 1, 4], 
        [1, 16, 75, 75, 4], 
        [32, 64, 1, 1, 4], 
        [1, 32, 1, 1, 4], 
        [1, 32, 75, 75, 4], 
        [32, 1, 3, 3, 4], 
        [1, 32, 1, 1, 4], 
        [1, 32, 75, 75, 4], 
        [32, 128, 1, 1, 4], 
        [1, 32, 1, 1, 4], 
        [1, 32, 75, 75, 4], 
        [32, 1, 3, 3, 4], 
        [1, 32, 1, 1, 4], 
        [1, 32, 38, 38, 4], 
        [64, 128, 1, 1, 4], 
        [1, 64, 1, 1, 4], 
        [1, 64, 38, 38, 4], 
        [64, 1, 3, 3, 4], 
        [1, 64, 1, 1, 4], 
        [1, 64, 38, 38, 4], 
        [64, 256, 1, 1, 4], 
        [1, 64, 1, 1, 4], 
        [1, 64, 38, 38, 4], 
        [64, 1, 3, 3, 4], 
        [1, 64, 1, 1, 4], 
        [1, 64, 19, 19, 4], 
        [128, 256, 1, 1, 4], 
        [1, 128, 1, 1, 4], 
        [1, 128, 19, 19, 4], 
        [128, 1, 3, 3, 4], 
        [1, 128, 1, 1, 4], 
        [1, 128, 19, 19, 4], 
        [128, 512, 1, 1, 4], 
        [1, 128, 1, 1, 4], 
        [1, 128, 19, 19, 4], 
        [128, 1, 3, 3, 4], 
        [1, 128, 1, 1, 4], 
        [1, 128, 19, 19, 4], 
        [128, 512, 1, 1, 4], 
        [1, 128, 1, 1, 4], 
        [1, 128, 19, 19, 4], 
        [128, 1, 3, 3, 4], 
        [1, 128, 1, 1, 4], 
        [1, 128, 19, 19, 4], 
        [128, 512, 1, 1, 4], 
        [1, 128, 1, 1, 4], 
        [1, 128, 19, 19, 4], 
        [128, 1, 3, 3, 4], 
        [1, 128, 1, 1, 4], 
        [1, 128, 19, 19, 4], 
        [128, 512, 1, 1, 4], 
        [1, 128, 1, 1, 4], 
        [1, 128, 19, 19, 4], 
        [128, 1, 3, 3, 4], 
        [1, 128, 1, 1, 4], 
        [1, 128, 19, 19, 4], 
        [128, 512, 1, 1, 4], 
        [1, 128, 1, 1, 4], 
        [1, 128, 19, 19, 4], 
        [1, 512, 19, 19], 
        [273, 512, 1, 1], 
        [1, 273, 1, 1], 
        [1, 273, 19, 19], 
        [1, 128, 19, 19, 4], 
        [128, 1, 3, 3, 4], 
        [1, 128, 1, 1, 4], 
        [1, 128, 10, 10, 4], 
        [256, 512, 1, 1, 4], 
        [1, 256, 1, 1, 4], 
        [1, 256, 10, 10, 4], 
        [256, 1, 3, 3, 4], 
        [1, 256, 1, 1, 4], 
        [1, 256, 10, 10, 4], 
        [256, 1024, 1, 1, 4], 
        [1, 256, 1, 1, 4], 
        [1, 256, 10, 10, 4], 
        [1, 1024, 10, 10], 
        [546, 1024, 1, 1], 
        [1, 546, 1, 1], 
        [1, 546, 10, 10], 
        [1, 256, 10, 10, 4], 
        [64, 1024, 1, 1, 4], 
        [1, 64, 1, 1, 4], 
        [1, 64, 10, 10, 4], 
        [128, 256, 3, 3, 4], 
        [1, 128, 1, 1, 4], 
        [1, 128, 5, 5, 4], 
        [1, 512, 5, 5], 
        [546, 512, 1, 1], 
        [1, 546, 1, 1], 
        [1, 546, 5, 5], 
        [1, 128, 5, 5, 4], 
        [32, 512, 1, 1, 4], 
        [1, 32, 1, 1, 4], 
        [1, 32, 5, 5, 4], 
        [64, 128, 3, 3, 4], 
        [1, 64, 1, 1, 4], 
        [1, 64, 3, 3, 4], 
        [1, 256, 3, 3], 
        [546, 256, 1, 1], 
        [1, 546, 1, 1], 
        [1, 546, 3, 3], 
        [1, 64, 3, 3, 4], 
        [32, 256, 1, 1, 4], 
        [1, 32, 1, 1, 4], 
        [1, 32, 3, 3, 4], 
        [64, 128, 3, 3, 4], 
        [1, 64, 1, 1, 4], 
        [1, 64, 2, 2, 4], 
        [1, 256, 2, 2], 
        [546, 256, 1, 1], 
        [1, 546, 1, 1], 
        [1, 546, 2, 2], 
        [1, 64, 2, 2, 4], 
        [16, 256, 1, 1, 4], 
        [1, 16, 1, 1, 4], 
        [1, 16, 2, 2, 4], 
        [32, 64, 3, 3, 4], 
        [1, 32, 1, 1, 4], 
        [1, 32, 1, 1, 4], 
        [1, 128, 1, 1], 
        [546, 128, 1, 1], 
        [1, 546, 1, 1], 
        [1, 546, 1, 1], 
        [1, 91, 1917], 
        [1, 128, 19, 19, 4], 
        [3, 512, 1, 1, 4], 
        [1, 3, 1, 1, 4], 
        [1, 3, 19, 19, 4], 
        [1, 256, 10, 10, 4], 
        [6, 1024, 1, 1, 4], 
        [1, 6, 1, 1, 4], 
        [1, 6, 10, 10, 4], 
        [1, 128, 5, 5, 4], 
        [6, 512, 1, 1, 4], 
        [1, 6, 1, 1, 4], 
        [1, 6, 5, 5, 4], 
        [1, 64, 3, 3, 4], 
        [6, 256, 1, 1, 4], 
        [1, 6, 1, 1, 4], 
        [1, 6, 3, 3, 4], 
        [1, 64, 2, 2, 4], 
        [6, 256, 1, 1, 4], 
        [1, 6, 1, 1, 4], 
        [1, 6, 2, 2, 4], 
        [1, 32, 1, 1, 4], 
        [6, 128, 1, 1, 4], 
        [1, 6, 1, 1, 4], 
        [1, 6, 1, 1, 4], 
        [1, 7668], 
        [1, 1917, 4], 
        [1, 1917, 6], 
        [1], 
        [], 
        [], 
        [1, 1917, 6], 
        [], 
        [1], 
        [1, 1917, 6], 
        [1, 1917], 
        [1, 10, 1], 
        [1, 10, 1], 
        [1, 10, 1], 
        [1, 10, 1], 
        [1, 10, 1], 
        [1, 10, 1], 
        [1, 10, 4], 
        [1, 10], 
        [1, 10]
      ]
    ], 
    "device_index": [
      "list_int", 
      [
        4, 
        4, 
        4, 
        4, 
        4, 
        4, 
        4, 
        4, 
        4, 
        4, 
        4, 
        4, 
        4, 
        4, 
        4, 
        4, 
        4, 
        4, 
        4, 
        4, 
        4, 
        4, 
        4, 
        4, 
        4, 
        4, 
        4, 
        4, 
        4, 
        4, 
        4, 
        4, 
        4, 
        4, 
        4, 
        4, 
        4, 
        4, 
        4, 
        4, 
        4, 
        4, 
        4, 
        4, 
        4, 
        4, 
        4, 
        4, 
        4, 
        4, 
        4, 
        4, 
        4, 
        4, 
        4, 
        4, 
        4, 
        4, 
        4, 
        4, 
        4, 
        4, 
        4, 
        4, 
        4, 
        4, 
        4, 
        4, 
        4, 
        4, 
        4, 
        4, 
        4, 
        4, 
        4, 
        4, 
        4, 
        4, 
        4, 
        4, 
        4, 
        4, 
        4, 
        4, 
        4, 
        4, 
        4, 
        4, 
        4, 
        4, 
        4, 
        4, 
        4, 
        4, 
        4, 
        4, 
        4, 
        4, 
        4, 
        4, 
        4, 
        4, 
        4, 
        4, 
        4, 
        4, 
        4, 
        4, 
        4, 
        4, 
        4, 
        4, 
        4, 
        4, 
        4, 
        4, 
        4, 
        4, 
        4, 
        4, 
        4, 
        4, 
        4, 
        4, 
        4, 
        4, 
        4, 
        4, 
        4, 
        4, 
        4, 
        4, 
        4, 
        4, 
        4, 
        4, 
        4, 
        4, 
        4, 
        4, 
        4, 
        4, 
        4, 
        4, 
        4, 
        4, 
        4, 
        4, 
        4, 
        4, 
        4, 
        4, 
        4, 
        4, 
        4, 
        4, 
        4, 
        4, 
        4, 
        4, 
        4, 
        4, 
        4, 
        4, 
        4, 
        4, 
        4, 
        4, 
        4, 
        4, 
        4, 
        4, 
        4, 
        4, 
        4, 
        4, 
        4, 
        4, 
        4, 
        4, 
        4, 
        4
      ]
    ], 
    "storage_id": [
      "list_int", 
      [
        0, 
        1, 
        2, 
        3, 
        4, 
        5, 
        6, 
        7, 
        8, 
        9, 
        10, 
        5, 
        11, 
        12, 
        8, 
        13, 
        14, 
        5, 
        15, 
        16, 
        8, 
        17, 
        18, 
        5, 
        19, 
        20, 
        8, 
        21, 
        22, 
        23, 
        24, 
        25, 
        26, 
        27, 
        28, 
        23, 
        29, 
        30, 
        26, 
        31, 
        32, 
        33, 
        34, 
        35, 
        36, 
        37, 
        38, 
        33, 
        39, 
        40, 
        36, 
        41, 
        42, 
        33, 
        43, 
        44, 
        36, 
        45, 
        46, 
        33, 
        47, 
        48, 
        36, 
        49, 
        50, 
        33, 
        51, 
        52, 
        36, 
        53, 
        54, 
        55, 
        56, 
        57, 
        58, 
        59, 
        33, 
        60, 
        61, 
        36, 
        62, 
        63, 
        5, 
        64, 
        65, 
        8, 
        66, 
        67, 
        68, 
        56, 
        69, 
        70, 
        71, 
        72, 
        73, 
        74, 
        33, 
        75, 
        76, 
        77, 
        56, 
        78, 
        79, 
        80, 
        72, 
        81, 
        82, 
        33, 
        83, 
        84, 
        85, 
        86, 
        87, 
        88, 
        89, 
        72, 
        90, 
        91, 
        33, 
        92, 
        93, 
        94, 
        86, 
        95, 
        96, 
        97, 
        72, 
        98, 
        99, 
        33, 
        100, 
        101, 
        102, 
        103, 
        104, 
        105, 
        86, 
        56, 
        33, 
        106, 
        107, 
        89, 
        72, 
        108, 
        109, 
        80, 
        72, 
        110, 
        111, 
        97, 
        72, 
        112, 
        113, 
        86, 
        72, 
        114, 
        115, 
        103, 
        72, 
        116, 
        117, 
        118, 
        71, 
        119, 
        80, 
        120, 
        121, 
        122, 
        71, 
        123, 
        120, 
        80, 
        97, 
        118, 
        103, 
        124, 
        125, 
        126, 
        127, 
        128, 
        129, 
        130
      ]
    ]
  }, 
  "node_row_ptr": [
    0, 
    1, 
    2, 
    3, 
    4, 
    5, 
    6, 
    7, 
    8, 
    9, 
    10, 
    11, 
    12, 
    13, 
    14, 
    15, 
    16, 
    17, 
    18, 
    19, 
    20, 
    21, 
    22, 
    23, 
    24, 
    25, 
    26, 
    27, 
    28, 
    29, 
    30, 
    31, 
    32, 
    33, 
    34, 
    35, 
    36, 
    37, 
    38, 
    39, 
    40, 
    41, 
    42, 
    43, 
    44, 
    45, 
    46, 
    47, 
    48, 
    49, 
    50, 
    51, 
    52, 
    53, 
    54, 
    55, 
    56, 
    57, 
    58, 
    59, 
    60, 
    61, 
    62, 
    63, 
    64, 
    65, 
    66, 
    67, 
    68, 
    69, 
    70, 
    71, 
    72, 
    73, 
    74, 
    75, 
    76, 
    77, 
    78, 
    79, 
    80, 
    81, 
    82, 
    83, 
    84, 
    85, 
    86, 
    87, 
    88, 
    89, 
    90, 
    91, 
    92, 
    93, 
    94, 
    95, 
    96, 
    97, 
    98, 
    99, 
    100, 
    101, 
    102, 
    103, 
    104, 
    105, 
    106, 
    107, 
    108, 
    109, 
    110, 
    111, 
    112, 
    113, 
    114, 
    115, 
    116, 
    117, 
    118, 
    119, 
    120, 
    121, 
    122, 
    123, 
    124, 
    125, 
    126, 
    127, 
    128, 
    129, 
    130, 
    131, 
    132, 
    133, 
    134, 
    135, 
    136, 
    137, 
    138, 
    139, 
    140, 
    141, 
    142, 
    143, 
    144, 
    145, 
    146, 
    147, 
    148, 
    149, 
    150, 
    151, 
    152, 
    153, 
    154, 
    155, 
    156, 
    157, 
    158, 
    159, 
    160, 
    161, 
    162, 
    163, 
    164, 
    166, 
    167, 
    168, 
    169, 
    170, 
    173, 
    179, 
    180, 
    181, 
    182
  ]
}