{
  "nodes": [
    {
      "op": "null", 
      "name": "input", 
      "inputs": []
    }, 
    {
      "op": "null", 
      "name": "p0", 
      "inputs": []
    }, 
    {
      "op": "null", 
      "name": "p1", 
      "inputs": []
    }, 
    {
      "op": "tvm_op", 
      "name": "tvmgen_default_fused_nn_conv2d_add_clip_17", 
      "attrs": {
        "num_outputs": "1", 
        "num_inputs": "3", 
        "data_layout": "NHWC", 
        "kernel_layout": "HWIO", 
        "hash": "34984ef9b60fad39", 
        "func_name": "tvmgen_default_fused_nn_conv2d_add_clip_17", 
        "out_layout": "", 
        "flatten_data": "0"
      }, 
      "inputs": [
        [
          0, 
          0, 
          0
        ], 
        [
          1, 
          0, 
          0
        ], 
        [
          2, 
          0, 
          0
        ]
      ]
    }, 
    {
      "op": "null", 
      "name": "p2", 
      "inputs": []
    }, 
    {
      "op": "null", 
      "name": "p3", 
      "inputs": []
    }, 
    {
      "op": "tvm_op", 
      "name": "tvmgen_default_fused_nn_conv2d_add_clip_16", 
      "attrs": {
        "num_outputs": "1", 
        "num_inputs": "3", 
        "data_layout": "NHWC", 
        "kernel_layout": "HWOI", 
        "hash": "47494321d58544b7", 
        "func_name": "tvmgen_default_fused_nn_conv2d_add_clip_16", 
        "out_layout": "", 
        "flatten_data": "0"
      }, 
      "inputs": [
        [
          3, 
          0, 
          0
        ], 
        [
          4, 
          0, 
          0
        ], 
        [
          5, 
          0, 
          0
        ]
      ]
    }, 
    {
      "op": "null", 
      "name": "p4", 
      "inputs": []
    }, 
    {
      "op": "null", 
      "name": "p5", 
      "inputs": []
    }, 
    {
      "op": "tvm_op", 
      "name": "tvmgen_default_fused_nn_conv2d_add_7", 
      "attrs": {
        "num_outputs": "1", 
        "num_inputs": "3", 
        "data_layout": "NHWC", 
        "kernel_layout": "HWIO", 
        "hash": "00983c006683f9f1", 
        "func_name": "tvmgen_default_fused_nn_conv2d_add_7", 
        "out_layout": "", 
        "flatten_data": "0"
      }, 
      "inputs": [
        [
          6, 
          0, 
          0
        ], 
        [
          7, 
          0, 
          0
        ], 
        [
          8, 
          0, 
          0
        ]
      ]
    }, 
    {
      "op": "null", 
      "name": "p6", 
      "inputs": []
    }, 
    {
      "op": "null", 
      "name": "p7", 
      "inputs": []
    }, 
    {
      "op": "tvm_op", 
      "name": "tvmgen_default_fused_nn_conv2d_add_clip_15", 
      "attrs": {
        "num_outputs": "1", 
        "num_inputs": "3", 
        "data_layout": "NHWC", 
        "kernel_layout": "HWIO", 
        "hash": "e100e03eac25b8ca", 
        "func_name": "tvmgen_default_fused_nn_conv2d_add_clip_15", 
        "out_layout": "", 
        "flatten_data": "0"
      }, 
      "inputs": [
        [
          9, 
          0, 
          0
        ], 
        [
          10, 
          0, 
          0
        ], 
        [
          11, 
          0, 
          0
        ]
      ]
    }, 
    {
      "op": "null", 
      "name": "p8", 
      "inputs": []
    }, 
    {
      "op": "null", 
      "name": "p9", 
      "inputs": []
    }, 
    {
      "op": "tvm_op", 
      "name": "tvmgen_default_fused_nn_conv2d_add_clip_14", 
      "attrs": {
        "num_outputs": "1", 
        "num_inputs": "3", 
        "data_layout": "NHWC", 
        "kernel_layout": "HWOI", 
        "hash": "64a0a8a74ab66b74", 
        "func_name": "tvmgen_default_fused_nn_conv2d_add_clip_14", 
        "out_layout": "", 
        "flatten_data": "0"
      }, 
      "inputs": [
        [
          12, 
          0, 
          0
        ], 
        [
          13, 
          0, 
          0
        ], 
        [
          14, 
          0, 
          0
        ]
      ]
    }, 
    {
      "op": "null", 
      "name": "p10", 
      "inputs": []
    }, 
    {
      "op": "null", 
      "name": "p11", 
      "inputs": []
    }, 
    {
      "op": "tvm_op", 
      "name": "tvmgen_default_fused_nn_conv2d_add_6", 
      "attrs": {
        "num_outputs": "1", 
        "num_inputs": "3", 
        "data_layout": "NHWC", 
        "kernel_layout": "HWIO", 
        "hash": "0a564a7a3e221856", 
        "func_name": "tvmgen_default_fused_nn_conv2d_add_6", 
        "out_layout": "", 
        "flatten_data": "0"
      }, 
      "inputs": [
        [
          15, 
          0, 
          0
        ], 
        [
          16, 
          0, 
          0
        ], 
        [
          17, 
          0, 
          0
        ]
      ]
    }, 
    {
      "op": "null", 
      "name": "p12", 
      "inputs": []
    }, 
    {
      "op": "null", 
      "name": "p13", 
      "inputs": []
    }, 
    {
      "op": "tvm_op", 
      "name": "tvmgen_default_fused_nn_conv2d_add_clip_12", 
      "attrs": {
        "num_outputs": "1", 
        "num_inputs": "3", 
        "data_layout": "NHWC", 
        "kernel_layout": "HWIO", 
        "hash": "762aa14410c3d641", 
        "func_name": "tvmgen_default_fused_nn_conv2d_add_clip_12", 
        "out_layout": "", 
        "flatten_data": "0"
      }, 
      "inputs": [
        [
          18, 
          0, 
          0
        ], 
        [
          19, 
          0, 
          0
        ], 
        [
          20, 
          0, 
          0
        ]
      ]
    }, 
    {
      "op": "null", 
      "name": "p14", 
      "inputs": []
    }, 
    {
      "op": "null", 
      "name": "p15", 
      "inputs": []
    }, 
    {
      "op": "tvm_op", 
      "name": "tvmgen_default_fused_nn_conv2d_add_clip_13", 
      "attrs": {
        "num_outputs": "1", 
        "num_inputs": "3", 
        "data_layout": "NHWC", 
        "kernel_layout": "HWOI", 
        "hash": "7fcab038e62c8bbd", 
        "func_name": "tvmgen_default_fused_nn_conv2d_add_clip_13", 
        "out_layout": "", 
        "flatten_data": "0"
      }, 
      "inputs": [
        [
          21, 
          0, 
          0
        ], 
        [
          22, 
          0, 
          0
        ], 
        [
          23, 
          0, 
          0
        ]
      ]
    }, 
    {
      "op": "null", 
      "name": "p16", 
      "inputs": []
    }, 
    {
      "op": "null", 
      "name": "p17", 
      "inputs": []
    }, 
    {
      "op": "tvm_op", 
      "name": "tvmgen_default_fused_nn_conv2d_add_add_4", 
      "attrs": {
        "num_outputs": "1", 
        "num_inputs": "4", 
        "data_layout": "NHWC", 
        "kernel_layout": "HWIO", 
        "hash": "d337a8641c03272a", 
        "func_name": "tvmgen_default_fused_nn_conv2d_add_add_4", 
        "out_layout": "", 
        "flatten_data": "0"
      }, 
      "inputs": [
        [
          24, 
          0, 
          0
        ], 
        [
          25, 
          0, 
          0
        ], 
        [
          26, 
          0, 
          0
        ], 
        [
          18, 
          0, 
          0
        ]
      ]
    }, 
    {
      "op": "null", 
      "name": "p18", 
      "inputs": []
    }, 
    {
      "op": "null", 
      "name": "p19", 
      "inputs": []
    }, 
    {
      "op": "tvm_op", 
      "name": "tvmgen_default_fused_nn_conv2d_add_clip_121", 
      "attrs": {
        "num_outputs": "1", 
        "num_inputs": "3", 
        "data_layout": "NHWC", 
        "kernel_layout": "HWIO", 
        "hash": "762aa14410c3d641", 
        "func_name": "tvmgen_default_fused_nn_conv2d_add_clip_12", 
        "out_layout": "", 
        "flatten_data": "0"
      }, 
      "inputs": [
        [
          27, 
          0, 
          0
        ], 
        [
          28, 
          0, 
          0
        ], 
        [
          29, 
          0, 
          0
        ]
      ]
    }, 
    {
      "op": "null", 
      "name": "p20", 
      "inputs": []
    }, 
    {
      "op": "null", 
      "name": "p21", 
      "inputs": []
    }, 
    {
      "op": "tvm_op", 
      "name": "tvmgen_default_fused_nn_conv2d_add_clip_11", 
      "attrs": {
        "num_outputs": "1", 
        "num_inputs": "3", 
        "data_layout": "NHWC", 
        "kernel_layout": "HWOI", 
        "hash": "00506c68e17f223b", 
        "func_name": "tvmgen_default_fused_nn_conv2d_add_clip_11", 
        "out_layout": "", 
        "flatten_data": "0"
      }, 
      "inputs": [
        [
          30, 
          0, 
          0
        ], 
        [
          31, 
          0, 
          0
        ], 
        [
          32, 
          0, 
          0
        ]
      ]
    }, 
    {
      "op": "null", 
      "name": "p22", 
      "inputs": []
    }, 
    {
      "op": "null", 
      "name": "p23", 
      "inputs": []
    }, 
    {
      "op": "tvm_op", 
      "name": "tvmgen_default_fused_nn_conv2d_add_5", 
      "attrs": {
        "num_outputs": "1", 
        "num_inputs": "3", 
        "data_layout": "NHWC", 
        "kernel_layout": "HWIO", 
        "hash": "5bc007bf09a4337b", 
        "func_name": "tvmgen_default_fused_nn_conv2d_add_5", 
        "out_layout": "", 
        "flatten_data": "0"
      }, 
      "inputs": [
        [
          33, 
          0, 
          0
        ], 
        [
          34, 
          0, 
          0
        ], 
        [
          35, 
          0, 
          0
        ]
      ]
    }, 
    {
      "op": "null", 
      "name": "p24", 
      "inputs": []
    }, 
    {
      "op": "null", 
      "name": "p25", 
      "inputs": []
    }, 
    {
      "op": "tvm_op", 
      "name": "tvmgen_default_fused_nn_conv2d_add_clip_9", 
      "attrs": {
        "num_outputs": "1", 
        "num_inputs": "3", 
        "data_layout": "NHWC", 
        "kernel_layout": "HWIO", 
        "hash": "f1e78ecf6b496c5d", 
        "func_name": "tvmgen_default_fused_nn_conv2d_add_clip_9", 
        "out_layout": "", 
        "flatten_data": "0"
      }, 
      "inputs": [
        [
          36, 
          0, 
          0
        ], 
        [
          37, 
          0, 
          0
        ], 
        [
          38, 
          0, 
          0
        ]
      ]
    }, 
    {
      "op": "null", 
      "name": "p26", 
      "inputs": []
    }, 
    {
      "op": "null", 
      "name": "p27", 
      "inputs": []
    }, 
    {
      "op": "tvm_op", 
      "name": "tvmgen_default_fused_nn_conv2d_add_clip_10", 
      "attrs": {
        "num_outputs": "1", 
        "num_inputs": "3", 
        "data_layout": "NHWC", 
        "kernel_layout": "HWOI", 
        "hash": "81752a7aee5996c3", 
        "func_name": "tvmgen_default_fused_nn_conv2d_add_clip_10", 
        "out_layout": "", 
        "flatten_data": "0"
      }, 
      "inputs": [
        [
          39, 
          0, 
          0
        ], 
        [
          40, 
          0, 
          0
        ], 
        [
          41, 
          0, 
          0
        ]
      ]
    }, 
    {
      "op": "null", 
      "name": "p28", 
      "inputs": []
    }, 
    {
      "op": "null", 
      "name": "p29", 
      "inputs": []
    }, 
    {
      "op": "tvm_op", 
      "name": "tvmgen_default_fused_nn_conv2d_add_add_3", 
      "attrs": {
        "num_outputs": "1", 
        "num_inputs": "4", 
        "data_layout": "NHWC", 
        "kernel_layout": "HWIO", 
        "hash": "d5ca38b1ef448022", 
        "func_name": "tvmgen_default_fused_nn_conv2d_add_add_3", 
        "out_layout": "", 
        "flatten_data": "0"
      }, 
      "inputs": [
        [
          42, 
          0, 
          0
        ], 
        [
          43, 
          0, 
          0
        ], 
        [
          44, 
          0, 
          0
        ], 
        [
          36, 
          0, 
          0
        ]
      ]
    }, 
    {
      "op": "null", 
      "name": "p30", 
      "inputs": []
    }, 
    {
      "op": "null", 
      "name": "p31", 
      "inputs": []
    }, 
    {
      "op": "tvm_op", 
      "name": "tvmgen_default_fused_nn_conv2d_add_clip_91", 
      "attrs": {
        "num_outputs": "1", 
        "num_inputs": "3", 
        "data_layout": "NHWC", 
        "kernel_layout": "HWIO", 
        "hash": "f1e78ecf6b496c5d", 
        "func_name": "tvmgen_default_fused_nn_conv2d_add_clip_9", 
        "out_layout": "", 
        "flatten_data": "0"
      }, 
      "inputs": [
        [
          45, 
          0, 
          0
        ], 
        [
          46, 
          0, 
          0
        ], 
        [
          47, 
          0, 
          0
        ]
      ]
    }, 
    {
      "op": "null", 
      "name": "p32", 
      "inputs": []
    }, 
    {
      "op": "null", 
      "name": "p33", 
      "inputs": []
    }, 
    {
      "op": "tvm_op", 
      "name": "tvmgen_default_fused_nn_conv2d_add_clip_101", 
      "attrs": {
        "num_outputs": "1", 
        "num_inputs": "3", 
        "data_layout": "NHWC", 
        "kernel_layout": "HWOI", 
        "hash": "81752a7aee5996c3", 
        "func_name": "tvmgen_default_fused_nn_conv2d_add_clip_10", 
        "out_layout": "", 
        "flatten_data": "0"
      }, 
      "inputs": [
        [
          48, 
          0, 
          0
        ], 
        [
          49, 
          0, 
          0
        ], 
        [
          50, 
          0, 
          0
        ]
      ]
    }, 
    {
      "op": "null", 
      "name": "p34", 
      "inputs": []
    }, 
    {
      "op": "null", 
      "name": "p35", 
      "inputs": []
    }, 
    {
      "op": "tvm_op", 
      "name": "tvmgen_default_fused_nn_conv2d_add_add_31", 
      "attrs": {
        "num_outputs": "1", 
        "num_inputs": "4", 
        "data_layout": "NHWC", 
        "kernel_layout": "HWIO", 
        "hash": "d5ca38b1ef448022", 
        "func_name": "tvmgen_default_fused_nn_conv2d_add_add_3", 
        "out_layout": "", 
        "flatten_data": "0"
      }, 
      "inputs": [
        [
          51, 
          0, 
          0
        ], 
        [
          52, 
          0, 
          0
        ], 
        [
          53, 
          0, 
          0
        ], 
        [
          45, 
          0, 
          0
        ]
      ]
    }, 
    {
      "op": "null", 
      "name": "p36", 
      "inputs": []
    }, 
    {
      "op": "null", 
      "name": "p37", 
      "inputs": []
    }, 
    {
      "op": "tvm_op", 
      "name": "tvmgen_default_fused_nn_conv2d_add_clip_92", 
      "attrs": {
        "num_outputs": "1", 
        "num_inputs": "3", 
        "data_layout": "NHWC", 
        "kernel_layout": "HWIO", 
        "hash": "f1e78ecf6b496c5d", 
        "func_name": "tvmgen_default_fused_nn_conv2d_add_clip_9", 
        "out_layout": "", 
        "flatten_data": "0"
      }, 
      "inputs": [
        [
          54, 
          0, 
          0
        ], 
        [
          55, 
          0, 
          0
        ], 
        [
          56, 
          0, 
          0
        ]
      ]
    }, 
    {
      "op": "null", 
      "name": "p38", 
      "inputs": []
    }, 
    {
      "op": "null", 
      "name": "p39", 
      "inputs": []
    }, 
    {
      "op": "tvm_op", 
      "name": "tvmgen_default_fused_nn_conv2d_add_clip_8", 
      "attrs": {
        "num_outputs": "1", 
        "num_inputs": "3", 
        "data_layout": "NHWC", 
        "kernel_layout": "HWOI", 
        "hash": "9db11a373db2fe67", 
        "func_name": "tvmgen_default_fused_nn_conv2d_add_clip_8", 
        "out_layout": "", 
        "flatten_data": "0"
      }, 
      "inputs": [
        [
          57, 
          0, 
          0
        ], 
        [
          58, 
          0, 
          0
        ], 
        [
          59, 
          0, 
          0
        ]
      ]
    }, 
    {
      "op": "null", 
      "name": "p40", 
      "inputs": []
    }, 
    {
      "op": "null", 
      "name": "p41", 
      "inputs": []
    }, 
    {
      "op": "tvm_op", 
      "name": "tvmgen_default_fused_nn_conv2d_add_4", 
      "attrs": {
        "num_outputs": "1", 
        "num_inputs": "3", 
        "data_layout": "NHWC", 
        "kernel_layout": "HWIO", 
        "hash": "e888feaad0a8bfd2", 
        "func_name": "tvmgen_default_fused_nn_conv2d_add_4", 
        "out_layout": "", 
        "flatten_data": "0"
      }, 
      "inputs": [
        [
          60, 
          0, 
          0
        ], 
        [
          61, 
          0, 
          0
        ], 
        [
          62, 
          0, 
          0
        ]
      ]
    }, 
    {
      "op": "null", 
      "name": "p42", 
      "inputs": []
    }, 
    {
      "op": "null", 
      "name": "p43", 
      "inputs": []
    }, 
    {
      "op": "tvm_op", 
      "name": "tvmgen_default_fused_nn_conv2d_add_clip_7", 
      "attrs": {
        "num_outputs": "1", 
        "num_inputs": "3", 
        "data_layout": "NHWC", 
        "kernel_layout": "HWIO", 
        "hash": "082337e78f4b7e97", 
        "func_name": "tvmgen_default_fused_nn_conv2d_add_clip_7", 
        "out_layout": "", 
        "flatten_data": "0"
      }, 
      "inputs": [
        [
          63, 
          0, 
          0
        ], 
        [
          64, 
          0, 
          0
        ], 
        [
          65, 
          0, 
          0
        ]
      ]
    }, 
    {
      "op": "null", 
      "name": "p44", 
      "inputs": []
    }, 
    {
      "op": "null", 
      "name": "p45", 
      "inputs": []
    }, 
    {
      "op": "tvm_op", 
      "name": "tvmgen_default_fused_nn_conv2d_add_clip_6", 
      "attrs": {
        "num_outputs": "1", 
        "num_inputs": "3", 
        "data_layout": "NHWC", 
        "kernel_layout": "HWOI", 
        "hash": "7dd0d7203952e70e", 
        "func_name": "tvmgen_default_fused_nn_conv2d_add_clip_6", 
        "out_layout": "", 
        "flatten_data": "0"
      }, 
      "inputs": [
        [
          66, 
          0, 
          0
        ], 
        [
          67, 
          0, 
          0
        ], 
        [
          68, 
          0, 
          0
        ]
      ]
    }, 
    {
      "op": "null", 
      "name": "p46", 
      "inputs": []
    }, 
    {
      "op": "null", 
      "name": "p47", 
      "inputs": []
    }, 
    {
      "op": "tvm_op", 
      "name": "tvmgen_default_fused_nn_conv2d_add_add_2", 
      "attrs": {
        "num_outputs": "1", 
        "num_inputs": "4", 
        "data_layout": "NHWC", 
        "kernel_layout": "HWIO", 
        "hash": "b71ffa5f278117ae", 
        "func_name": "tvmgen_default_fused_nn_conv2d_add_add_2", 
        "out_layout": "", 
        "flatten_data": "0"
      }, 
      "inputs": [
        [
          69, 
          0, 
          0
        ], 
        [
          70, 
          0, 
          0
        ], 
        [
          71, 
          0, 
          0
        ], 
        [
          63, 
          0, 
          0
        ]
      ]
    }, 
    {
      "op": "null", 
      "name": "p48", 
      "inputs": []
    }, 
    {
      "op": "null", 
      "name": "p49", 
      "inputs": []
    }, 
    {
      "op": "tvm_op", 
      "name": "tvmgen_default_fused_nn_conv2d_add_clip_71", 
      "attrs": {
        "num_outputs": "1", 
        "num_inputs": "3", 
        "data_layout": "NHWC", 
        "kernel_layout": "HWIO", 
        "hash": "082337e78f4b7e97", 
        "func_name": "tvmgen_default_fused_nn_conv2d_add_clip_7", 
        "out_layout": "", 
        "flatten_data": "0"
      }, 
      "inputs": [
        [
          72, 
          0, 
          0
        ], 
        [
          73, 
          0, 
          0
        ], 
        [
          74, 
          0, 
          0
        ]
      ]
    }, 
    {
      "op": "null", 
      "name": "p50", 
      "inputs": []
    }, 
    {
      "op": "null", 
      "name": "p51", 
      "inputs": []
    }, 
    {
      "op": "tvm_op", 
      "name": "tvmgen_default_fused_nn_conv2d_add_clip_61", 
      "attrs": {
        "num_outputs": "1", 
        "num_inputs": "3", 
        "data_layout": "NHWC", 
        "kernel_layout": "HWOI", 
        "hash": "7dd0d7203952e70e", 
        "func_name": "tvmgen_default_fused_nn_conv2d_add_clip_6", 
        "out_layout": "", 
        "flatten_data": "0"
      }, 
      "inputs": [
        [
          75, 
          0, 
          0
        ], 
        [
          76, 
          0, 
          0
        ], 
        [
          77, 
          0, 
          0
        ]
      ]
    }, 
    {
      "op": "null", 
      "name": "p52", 
      "inputs": []
    }, 
    {
      "op": "null", 
      "name": "p53", 
      "inputs": []
    }, 
    {
      "op": "tvm_op", 
      "name": "tvmgen_default_fused_nn_conv2d_add_add_21", 
      "attrs": {
        "num_outputs": "1", 
        "num_inputs": "4", 
        "data_layout": "NHWC", 
        "kernel_layout": "HWIO", 
        "hash": "b71ffa5f278117ae", 
        "func_name": "tvmgen_default_fused_nn_conv2d_add_add_2", 
        "out_layout": "", 
        "flatten_data": "0"
      }, 
      "inputs": [
        [
          78, 
          0, 
          0
        ], 
        [
          79, 
          0, 
          0
        ], 
        [
          80, 
          0, 
          0
        ], 
        [
          72, 
          0, 
          0
        ]
      ]
    }, 
    {
      "op": "null", 
      "name": "p54", 
      "inputs": []
    }, 
    {
      "op": "null", 
      "name": "p55", 
      "inputs": []
    }, 
    {
      "op": "tvm_op", 
      "name": "tvmgen_default_fused_nn_conv2d_add_clip_72", 
      "attrs": {
        "num_outputs": "1", 
        "num_inputs": "3", 
        "data_layout": "NHWC", 
        "kernel_layout": "HWIO", 
        "hash": "082337e78f4b7e97", 
        "func_name": "tvmgen_default_fused_nn_conv2d_add_clip_7", 
        "out_layout": "", 
        "flatten_data": "0"
      }, 
      "inputs": [
        [
          81, 
          0, 
          0
        ], 
        [
          82, 
          0, 
          0
        ], 
        [
          83, 
          0, 
          0
        ]
      ]
    }, 
    {
      "op": "null", 
      "name": "p56", 
      "inputs": []
    }, 
    {
      "op": "null", 
      "name": "p57", 
      "inputs": []
    }, 
    {
      "op": "tvm_op", 
      "name": "tvmgen_default_fused_nn_conv2d_add_clip_62", 
      "attrs": {
        "num_outputs": "1", 
        "num_inputs": "3", 
        "data_layout": "NHWC", 
        "kernel_layout": "HWOI", 
        "hash": "7dd0d7203952e70e", 
        "func_name": "tvmgen_default_fused_nn_conv2d_add_clip_6", 
        "out_layout": "", 
        "flatten_data": "0"
      }, 
      "inputs": [
        [
          84, 
          0, 
          0
        ], 
        [
          85, 
          0, 
          0
        ], 
        [
          86, 
          0, 
          0
        ]
      ]
    }, 
    {
      "op": "null", 
      "name": "p58", 
      "inputs": []
    }, 
    {
      "op": "null", 
      "name": "p59", 
      "inputs": []
    }, 
    {
      "op": "tvm_op", 
      "name": "tvmgen_default_fused_nn_conv2d_add_add_22", 
      "attrs": {
        "num_outputs": "1", 
        "num_inputs": "4", 
        "data_layout": "NHWC", 
        "kernel_layout": "HWIO", 
        "hash": "b71ffa5f278117ae", 
        "func_name": "tvmgen_default_fused_nn_conv2d_add_add_2", 
        "out_layout": "", 
        "flatten_data": "0"
      }, 
      "inputs": [
        [
          87, 
          0, 
          0
        ], 
        [
          88, 
          0, 
          0
        ], 
        [
          89, 
          0, 
          0
        ], 
        [
          81, 
          0, 
          0
        ]
      ]
    }, 
    {
      "op": "null", 
      "name": "p60", 
      "inputs": []
    }, 
    {
      "op": "null", 
      "name": "p61", 
      "inputs": []
    }, 
    {
      "op": "tvm_op", 
      "name": "tvmgen_default_fused_nn_conv2d_add_clip_73", 
      "attrs": {
        "num_outputs": "1", 
        "num_inputs": "3", 
        "data_layout": "NHWC", 
        "kernel_layout": "HWIO", 
        "hash": "082337e78f4b7e97", 
        "func_name": "tvmgen_default_fused_nn_conv2d_add_clip_7", 
        "out_layout": "", 
        "flatten_data": "0"
      }, 
      "inputs": [
        [
          90, 
          0, 
          0
        ], 
        [
          91, 
          0, 
          0
        ], 
        [
          92, 
          0, 
          0
        ]
      ]
    }, 
    {
      "op": "null", 
      "name": "p62", 
      "inputs": []
    }, 
    {
      "op": "null", 
      "name": "p63", 
      "inputs": []
    }, 
    {
      "op": "tvm_op", 
      "name": "tvmgen_default_fused_nn_conv2d_add_clip_63", 
      "attrs": {
        "num_outputs": "1", 
        "num_inputs": "3", 
        "data_layout": "NHWC", 
        "kernel_layout": "HWOI", 
        "hash": "7dd0d7203952e70e", 
        "func_name": "tvmgen_default_fused_nn_conv2d_add_clip_6", 
        "out_layout": "", 
        "flatten_data": "0"
      }, 
      "inputs": [
        [
          93, 
          0, 
          0
        ], 
        [
          94, 
          0, 
          0
        ], 
        [
          95, 
          0, 
          0
        ]
      ]
    }, 
    {
      "op": "null", 
      "name": "p64", 
      "inputs": []
    }, 
    {
      "op": "null", 
      "name": "p65", 
      "inputs": []
    }, 
    {
      "op": "tvm_op", 
      "name": "tvmgen_default_fused_nn_conv2d_add_3", 
      "attrs": {
        "num_outputs": "1", 
        "num_inputs": "3", 
        "data_layout": "NHWC", 
        "kernel_layout": "HWIO", 
        "hash": "3ae37ae56e0b5e5b", 
        "func_name": "tvmgen_default_fused_nn_conv2d_add_3", 
        "out_layout": "", 
        "flatten_data": "0"
      }, 
      "inputs": [
        [
          96, 
          0, 
          0
        ], 
        [
          97, 
          0, 
          0
        ], 
        [
          98, 
          0, 
          0
        ]
      ]
    }, 
    {
      "op": "null", 
      "name": "p66", 
      "inputs": []
    }, 
    {
      "op": "null", 
      "name": "p67", 
      "inputs": []
    }, 
    {
      "op": "tvm_op", 
      "name": "tvmgen_default_fused_nn_conv2d_add_clip_4", 
      "attrs": {
        "num_outputs": "1", 
        "num_inputs": "3", 
        "data_layout": "NHWC", 
        "kernel_layout": "HWIO", 
        "hash": "eea1b21abdc358b9", 
        "func_name": "tvmgen_default_fused_nn_conv2d_add_clip_4", 
        "out_layout": "", 
        "flatten_data": "0"
      }, 
      "inputs": [
        [
          99, 
          0, 
          0
        ], 
        [
          100, 
          0, 
          0
        ], 
        [
          101, 
          0, 
          0
        ]
      ]
    }, 
    {
      "op": "null", 
      "name": "p68", 
      "inputs": []
    }, 
    {
      "op": "null", 
      "name": "p69", 
      "inputs": []
    }, 
    {
      "op": "tvm_op", 
      "name": "tvmgen_default_fused_nn_conv2d_add_clip_5", 
      "attrs": {
        "num_outputs": "1", 
        "num_inputs": "3", 
        "data_layout": "NHWC", 
        "kernel_layout": "HWOI", 
        "hash": "ff671444cbadc335", 
        "func_name": "tvmgen_default_fused_nn_conv2d_add_clip_5", 
        "out_layout": "", 
        "flatten_data": "0"
      }, 
      "inputs": [
        [
          102, 
          0, 
          0
        ], 
        [
          103, 
          0, 
          0
        ], 
        [
          104, 
          0, 
          0
        ]
      ]
    }, 
    {
      "op": "null", 
      "name": "p70", 
      "inputs": []
    }, 
    {
      "op": "null", 
      "name": "p71", 
      "inputs": []
    }, 
    {
      "op": "tvm_op", 
      "name": "tvmgen_default_fused_nn_conv2d_add_add_1", 
      "attrs": {
        "num_outputs": "1", 
        "num_inputs": "4", 
        "data_layout": "NHWC", 
        "kernel_layout": "HWIO", 
        "hash": "4d30399ff2246062", 
        "func_name": "tvmgen_default_fused_nn_conv2d_add_add_1", 
        "out_layout": "", 
        "flatten_data": "0"
      }, 
      "inputs": [
        [
          105, 
          0, 
          0
        ], 
        [
          106, 
          0, 
          0
        ], 
        [
          107, 
          0, 
          0
        ], 
        [
          99, 
          0, 
          0
        ]
      ]
    }, 
    {
      "op": "null", 
      "name": "p72", 
      "inputs": []
    }, 
    {
      "op": "null", 
      "name": "p73", 
      "inputs": []
    }, 
    {
      "op": "tvm_op", 
      "name": "tvmgen_default_fused_nn_conv2d_add_clip_41", 
      "attrs": {
        "num_outputs": "1", 
        "num_inputs": "3", 
        "data_layout": "NHWC", 
        "kernel_layout": "HWIO", 
        "hash": "eea1b21abdc358b9", 
        "func_name": "tvmgen_default_fused_nn_conv2d_add_clip_4", 
        "out_layout": "", 
        "flatten_data": "0"
      }, 
      "inputs": [
        [
          108, 
          0, 
          0
        ], 
        [
          109, 
          0, 
          0
        ], 
        [
          110, 
          0, 
          0
        ]
      ]
    }, 
    {
      "op": "null", 
      "name": "p74", 
      "inputs": []
    }, 
    {
      "op": "null", 
      "name": "p75", 
      "inputs": []
    }, 
    {
      "op": "tvm_op", 
      "name": "tvmgen_default_fused_nn_conv2d_add_clip_51", 
      "attrs": {
        "num_outputs": "1", 
        "num_inputs": "3", 
        "data_layout": "NHWC", 
        "kernel_layout": "HWOI", 
        "hash": "ff671444cbadc335", 
        "func_name": "tvmgen_default_fused_nn_conv2d_add_clip_5", 
        "out_layout": "", 
        "flatten_data": "0"
      }, 
      "inputs": [
        [
          111, 
          0, 
          0
        ], 
        [
          112, 
          0, 
          0
        ], 
        [
          113, 
          0, 
          0
        ]
      ]
    }, 
    {
      "op": "null", 
      "name": "p76", 
      "inputs": []
    }, 
    {
      "op": "null", 
      "name": "p77", 
      "inputs": []
    }, 
    {
      "op": "tvm_op", 
      "name": "tvmgen_default_fused_nn_conv2d_add_add_11", 
      "attrs": {
        "num_outputs": "1", 
        "num_inputs": "4", 
        "data_layout": "NHWC", 
        "kernel_layout": "HWIO", 
        "hash": "4d30399ff2246062", 
        "func_name": "tvmgen_default_fused_nn_conv2d_add_add_1", 
        "out_layout": "", 
        "flatten_data": "0"
      }, 
      "inputs": [
        [
          114, 
          0, 
          0
        ], 
        [
          115, 
          0, 
          0
        ], 
        [
          116, 
          0, 
          0
        ], 
        [
          108, 
          0, 
          0
        ]
      ]
    }, 
    {
      "op": "null", 
      "name": "p78", 
      "inputs": []
    }, 
    {
      "op": "null", 
      "name": "p79", 
      "inputs": []
    }, 
    {
      "op": "tvm_op", 
      "name": "tvmgen_default_fused_nn_conv2d_add_clip_42", 
      "attrs": {
        "num_outputs": "1", 
        "num_inputs": "3", 
        "data_layout": "NHWC", 
        "kernel_layout": "HWIO", 
        "hash": "eea1b21abdc358b9", 
        "func_name": "tvmgen_default_fused_nn_conv2d_add_clip_4", 
        "out_layout": "", 
        "flatten_data": "0"
      }, 
      "inputs": [
        [
          117, 
          0, 
          0
        ], 
        [
          118, 
          0, 
          0
        ], 
        [
          119, 
          0, 
          0
        ]
      ]
    }, 
    {
      "op": "null", 
      "name": "p80", 
      "inputs": []
    }, 
    {
      "op": "null", 
      "name": "p81", 
      "inputs": []
    }, 
    {
      "op": "tvm_op", 
      "name": "tvmgen_default_fused_nn_conv2d_add_clip_3", 
      "attrs": {
        "num_outputs": "1", 
        "num_inputs": "3", 
        "data_layout": "NHWC", 
        "kernel_layout": "HWOI", 
        "hash": "9eef20ecda4caa2c", 
        "func_name": "tvmgen_default_fused_nn_conv2d_add_clip_3", 
        "out_layout": "", 
        "flatten_data": "0"
      }, 
      "inputs": [
        [
          120, 
          0, 
          0
        ], 
        [
          121, 
          0, 
          0
        ], 
        [
          122, 
          0, 
          0
        ]
      ]
    }, 
    {
      "op": "null", 
      "name": "p82", 
      "inputs": []
    }, 
    {
      "op": "null", 
      "name": "p83", 
      "inputs": []
    }, 
    {
      "op": "tvm_op", 
      "name": "tvmgen_default_fused_nn_conv2d_add_2", 
      "attrs": {
        "num_outputs": "1", 
        "num_inputs": "3", 
        "data_layout": "NHWC", 
        "kernel_layout": "HWIO", 
        "hash": "f4d848850c7e59cf", 
        "func_name": "tvmgen_default_fused_nn_conv2d_add_2", 
        "out_layout": "", 
        "flatten_data": "0"
      }, 
      "inputs": [
        [
          123, 
          0, 
          0
        ], 
        [
          124, 
          0, 
          0
        ], 
        [
          125, 
          0, 
          0
        ]
      ]
    }, 
    {
      "op": "null", 
      "name": "p84", 
      "inputs": []
    }, 
    {
      "op": "null", 
      "name": "p85", 
      "inputs": []
    }, 
    {
      "op": "tvm_op", 
      "name": "tvmgen_default_fused_nn_conv2d_add_clip_2", 
      "attrs": {
        "num_outputs": "1", 
        "num_inputs": "3", 
        "data_layout": "NHWC", 
        "kernel_layout": "HWIO", 
        "hash": "256c63d622461b16", 
        "func_name": "tvmgen_default_fused_nn_conv2d_add_clip_2", 
        "out_layout": "", 
        "flatten_data": "0"
      }, 
      "inputs": [
        [
          126, 
          0, 
          0
        ], 
        [
          127, 
          0, 
          0
        ], 
        [
          128, 
          0, 
          0
        ]
      ]
    }, 
    {
      "op": "null", 
      "name": "p86", 
      "inputs": []
    }, 
    {
      "op": "null", 
      "name": "p87", 
      "inputs": []
    }, 
    {
      "op": "tvm_op", 
      "name": "tvmgen_default_fused_nn_conv2d_add_clip_1", 
      "attrs": {
        "num_outputs": "1", 
        "num_inputs": "3", 
        "data_layout": "NHWC", 
        "kernel_layout": "HWOI", 
        "hash": "7384df8056410110", 
        "func_name": "tvmgen_default_fused_nn_conv2d_add_clip_1", 
        "out_layout": "", 
        "flatten_data": "0"
      }, 
      "inputs": [
        [
          129, 
          0, 
          0
        ], 
        [
          130, 
          0, 
          0
        ], 
        [
          131, 
          0, 
          0
        ]
      ]
    }, 
    {
      "op": "null", 
      "name": "p88", 
      "inputs": []
    }, 
    {
      "op": "null", 
      "name": "p89", 
      "inputs": []
    }, 
    {
      "op": "tvm_op", 
      "name": "tvmgen_default_fused_nn_conv2d_add_add", 
      "attrs": {
        "num_outputs": "1", 
        "num_inputs": "4", 
        "data_layout": "NHWC", 
        "kernel_layout": "HWIO", 
        "hash": "f0319d28b6386145", 
        "func_name": "tvmgen_default_fused_nn_conv2d_add_add", 
        "out_layout": "", 
        "flatten_data": "0"
      }, 
      "inputs": [
        [
          132, 
          0, 
          0
        ], 
        [
          133, 
          0, 
          0
        ], 
        [
          134, 
          0, 
          0
        ], 
        [
          126, 
          0, 
          0
        ]
      ]
    }, 
    {
      "op": "null", 
      "name": "p90", 
      "inputs": []
    }, 
    {
      "op": "null", 
      "name": "p91", 
      "inputs": []
    }, 
    {
      "op": "tvm_op", 
      "name": "tvmgen_default_fused_nn_conv2d_add_clip_21", 
      "attrs": {
        "num_outputs": "1", 
        "num_inputs": "3", 
        "data_layout": "NHWC", 
        "kernel_layout": "HWIO", 
        "hash": "256c63d622461b16", 
        "func_name": "tvmgen_default_fused_nn_conv2d_add_clip_2", 
        "out_layout": "", 
        "flatten_data": "0"
      }, 
      "inputs": [
        [
          135, 
          0, 
          0
        ], 
        [
          136, 
          0, 
          0
        ], 
        [
          137, 
          0, 
          0
        ]
      ]
    }, 
    {
      "op": "null", 
      "name": "p92", 
      "inputs": []
    }, 
    {
      "op": "null", 
      "name": "p93", 
      "inputs": []
    }, 
    {
      "op": "tvm_op", 
      "name": "tvmgen_default_fused_nn_conv2d_add_clip_111", 
      "attrs": {
        "num_outputs": "1", 
        "num_inputs": "3", 
        "data_layout": "NHWC", 
        "kernel_layout": "HWOI", 
        "hash": "7384df8056410110", 
        "func_name": "tvmgen_default_fused_nn_conv2d_add_clip_1", 
        "out_layout": "", 
        "flatten_data": "0"
      }, 
      "inputs": [
        [
          138, 
          0, 
          0
        ], 
        [
          139, 
          0, 
          0
        ], 
        [
          140, 
          0, 
          0
        ]
      ]
    }, 
    {
      "op": "null", 
      "name": "p94", 
      "inputs": []
    }, 
    {
      "op": "null", 
      "name": "p95", 
      "inputs": []
    }, 
    {
      "op": "tvm_op", 
      "name": "tvmgen_default_fused_nn_conv2d_add_add1", 
      "attrs": {
        "num_outputs": "1", 
        "num_inputs": "4", 
        "data_layout": "NHWC", 
        "kernel_layout": "HWIO", 
        "hash": "f0319d28b6386145", 
        "func_name": "tvmgen_default_fused_nn_conv2d_add_add", 
        "out_layout": "", 
        "flatten_data": "0"
      }, 
      "inputs": [
        [
          141, 
          0, 
          0
        ], 
        [
          142, 
          0, 
          0
        ], 
        [
          143, 
          0, 
          0
        ], 
        [
          135, 
          0, 
          0
        ]
      ]
    }, 
    {
      "op": "null", 
      "name": "p96", 
      "inputs": []
    }, 
    {
      "op": "null", 
      "name": "p97", 
      "inputs": []
    }, 
    {
      "op": "tvm_op", 
      "name": "tvmgen_default_fused_nn_conv2d_add_clip_22", 
      "attrs": {
        "num_outputs": "1", 
        "num_inputs": "3", 
        "data_layout": "NHWC", 
        "kernel_layout": "HWIO", 
        "hash": "256c63d622461b16", 
        "func_name": "tvmgen_default_fused_nn_conv2d_add_clip_2", 
        "out_layout": "", 
        "flatten_data": "0"
      }, 
      "inputs": [
        [
          144, 
          0, 
          0
        ], 
        [
          145, 
          0, 
          0
        ], 
        [
          146, 
          0, 
          0
        ]
      ]
    }, 
    {
      "op": "null", 
      "name": "p98", 
      "inputs": []
    }, 
    {
      "op": "null", 
      "name": "p99", 
      "inputs": []
    }, 
    {
      "op": "tvm_op", 
      "name": "tvmgen_default_fused_nn_conv2d_add_clip_122", 
      "attrs": {
        "num_outputs": "1", 
        "num_inputs": "3", 
        "data_layout": "NHWC", 
        "kernel_layout": "HWOI", 
        "hash": "7384df8056410110", 
        "func_name": "tvmgen_default_fused_nn_conv2d_add_clip_1", 
        "out_layout": "", 
        "flatten_data": "0"
      }, 
      "inputs": [
        [
          147, 
          0, 
          0
        ], 
        [
          148, 
          0, 
          0
        ], 
        [
          149, 
          0, 
          0
        ]
      ]
    }, 
    {
      "op": "null", 
      "name": "p100", 
      "inputs": []
    }, 
    {
      "op": "null", 
      "name": "p101", 
      "inputs": []
    }, 
    {
      "op": "tvm_op", 
      "name": "tvmgen_default_fused_nn_conv2d_add_1", 
      "attrs": {
        "num_outputs": "1", 
        "num_inputs": "3", 
        "data_layout": "NHWC", 
        "kernel_layout": "HWIO", 
        "hash": "f484dc737f2c28f1", 
        "func_name": "tvmgen_default_fused_nn_conv2d_add_1", 
        "out_layout": "", 
        "flatten_data": "0"
      }, 
      "inputs": [
        [
          150, 
          0, 
          0
        ], 
        [
          151, 
          0, 
          0
        ], 
        [
          152, 
          0, 
          0
        ]
      ]
    }, 
    {
      "op": "null", 
      "name": "p102", 
      "inputs": []
    }, 
    {
      "op": "null", 
      "name": "p103", 
      "inputs": []
    }, 
    {
      "op": "tvm_op", 
      "name": "tvmgen_default_fused_nn_conv2d_add_clip", 
      "attrs": {
        "num_outputs": "1", 
        "num_inputs": "3", 
        "data_layout": "NHWC", 
        "kernel_layout": "HWIO", 
        "hash": "9f089f95cebf19f5", 
        "func_name": "tvmgen_default_fused_nn_conv2d_add_clip", 
        "out_layout": "", 
        "flatten_data": "0"
      }, 
      "inputs": [
        [
          153, 
          0, 
          0
        ], 
        [
          154, 
          0, 
          0
        ], 
        [
          155, 
          0, 
          0
        ]
      ]
    }, 
    {
      "op": "tvm_op", 
      "name": "tvmgen_default_fused_nn_avg_pool2d", 
      "attrs": {
        "num_outputs": "1", 
        "num_inputs": "1", 
        "flatten_data": "0", 
        "func_name": "tvmgen_default_fused_nn_avg_pool2d", 
        "hash": "f27040195ea6b596", 
        "layout": "NHWC"
      }, 
      "inputs": [
        [
          156, 
          0, 
          0
        ]
      ]
    }, 
    {
      "op": "null", 
      "name": "p104", 
      "inputs": []
    }, 
    {
      "op": "null", 
      "name": "p105", 
      "inputs": []
    }, 
    {
      "op": "tvm_op", 
      "name": "tvmgen_default_fused_nn_conv2d_add", 
      "attrs": {
        "num_outputs": "1", 
        "num_inputs": "3", 
        "out_layout": "", 
        "kernel_layout": "HWIO", 
        "hash": "d45e487db36a0cbd", 
        "func_name": "tvmgen_default_fused_nn_conv2d_add", 
        "data_layout": "NHWC", 
        "flatten_data": "0"
      }, 
      "inputs": [
        [
          157, 
          0, 
          0
        ], 
        [
          158, 
          0, 
          0
        ], 
        [
          159, 
          0, 
          0
        ]
      ]
    }, 
    {
      "op": "tvm_op", 
      "name": "reshape_nop", 
      "attrs": {
        "num_outputs": "1", 
        "num_inputs": "1", 
        "flatten_data": "0", 
        "hash": "601ae41ea375e09b", 
        "func_name": "__nop"
      }, 
      "inputs": [
        [
          160, 
          0, 
          0
        ]
      ]
    }, 
    {
      "op": "tvm_op", 
      "name": "tvmgen_default_fused_nn_softmax", 
      "attrs": {
        "num_outputs": "1", 
        "num_inputs": "1", 
        "flatten_data": "0", 
        "hash": "ea6f22965186d855", 
        "func_name": "tvmgen_default_fused_nn_softmax"
      }, 
      "inputs": [
        [
          161, 
          0, 
          0
        ]
      ]
    }, 
    {
      "op": "tvm_op", 
      "name": "reshape_nop", 
      "attrs": {
        "num_outputs": "1", 
        "num_inputs": "1", 
        "flatten_data": "0", 
        "hash": "e126d973c086327e", 
        "func_name": "__nop"
      }, 
      "inputs": [
        [
          162, 
          0, 
          0
        ]
      ]
    }
  ], 
  "arg_nodes": [
    0, 
    1, 
    2, 
    4, 
    5, 
    7, 
    8, 
    10, 
    11, 
    13, 
    14, 
    16, 
    17, 
    19, 
    20, 
    22, 
    23, 
    25, 
    26, 
    28, 
    29, 
    31, 
    32, 
    34, 
    35, 
    37, 
    38, 
    40, 
    41, 
    43, 
    44, 
    46, 
    47, 
    49, 
    50, 
    52, 
    53, 
    55, 
    56, 
    58, 
    59, 
    61, 
    62, 
    64, 
    65, 
    67, 
    68, 
    70, 
    71, 
    73, 
    74, 
    76, 
    77, 
    79, 
    80, 
    82, 
    83, 
    85, 
    86, 
    88, 
    89, 
    91, 
    92, 
    94, 
    95, 
    97, 
    98, 
    100, 
    101, 
    103, 
    104, 
    106, 
    107, 
    109, 
    110, 
    112, 
    113, 
    115, 
    116, 
    118, 
    119, 
    121, 
    122, 
    124, 
    125, 
    127, 
    128, 
    130, 
    131, 
    133, 
    134, 
    136, 
    137, 
    139, 
    140, 
    142, 
    143, 
    145, 
    146, 
    148, 
    149, 
    151, 
    152, 
    154, 
    155, 
    158, 
    159
  ], 
  "heads": [
    [
      163, 
      0, 
      0
    ]
  ], 
  "attrs": {
    "dltype": [
      "list_str", 
      [
        "float32", 
        "float32", 
        "float32", 
        "float32", 
        "float32", 
        "float32", 
        "float32", 
        "float32", 
        "float32", 
        "float32", 
        "float32", 
        "float32", 
        "float32", 
        "float32", 
        "float32", 
        "float32", 
        "float32", 
        "float32", 
        "float32", 
        "float32", 
        "float32", 
        "float32", 
        "float32", 
        "float32", 
        "float32", 
        "float32", 
        "float32", 
        "float32", 
        "float32", 
        "float32", 
        "float32", 
        "float32", 
        "float32", 
        "float32", 
        "float32", 
        "float32", 
        "float32", 
        "float32", 
        "float32", 
        "float32", 
        "float32", 
        "float32", 
        "float32", 
        "float32", 
        "float32", 
        "float32", 
        "float32", 
        "float32", 
        "float32", 
        "float32", 
        "float32", 
        "float32", 
        "float32", 
        "float32", 
        "float32", 
        "float32", 
        "float32", 
        "float32", 
        "float32", 
        "float32", 
        "float32", 
        "float32", 
        "float32", 
        "float32", 
        "float32", 
        "float32", 
        "float32", 
        "float32", 
        "float32", 
        "float32", 
        "float32", 
        "float32", 
        "float32", 
        "float32", 
        "float32", 
        "float32", 
        "float32", 
        "float32", 
        "float32", 
        "float32", 
        "float32", 
        "float32", 
        "float32", 
        "float32", 
        "float32", 
        "float32", 
        "float32", 
        "float32", 
        "float32", 
        "float32", 
        "float32", 
        "float32", 
        "float32", 
        "float32", 
        "float32", 
        "float32", 
        "float32", 
        "float32", 
        "float32", 
        "float32", 
        "float32", 
        "float32", 
        "float32", 
        "float32", 
        "float32", 
        "float32", 
        "float32", 
        "float32", 
        "float32", 
        "float32", 
        "float32", 
        "float32", 
        "float32", 
        "float32", 
        "float32", 
        "float32", 
        "float32", 
        "float32", 
        "float32", 
        "float32", 
        "float32", 
        "float32", 
        "float32", 
        "float32", 
        "float32", 
        "float32", 
        "float32", 
        "float32", 
        "float32", 
        "float32", 
        "float32", 
        "float32", 
        "float32", 
        "float32", 
        "float32", 
        "float32", 
        "float32", 
        "float32", 
        "float32", 
        "float32", 
        "float32", 
        "float32", 
        "float32", 
        "float32", 
        "float32", 
        "float32", 
        "float32", 
        "float32", 
        "float32", 
        "float32", 
        "float32", 
        "float32", 
        "float32", 
        "float32", 
        "float32", 
        "float32", 
        "float32", 
        "float32", 
        "float32", 
        "float32", 
        "float32", 
        "float32", 
        "float32", 
        "float32"
      ]
    ], 
    "shape": [
      "list_shape", 
      [
        [1, 224, 224, 3], 
        [3, 3, 3, 48], 
        [1, 1, 1, 48], 
        [1, 112, 112, 48], 
        [3, 3, 48, 1], 
        [1, 1, 1, 48], 
        [1, 112, 112, 48], 
        [1, 1, 48, 24], 
        [1, 1, 1, 24], 
        [1, 112, 112, 24], 
        [1, 1, 24, 144], 
        [1, 1, 1, 144], 
        [1, 112, 112, 144], 
        [3, 3, 144, 1], 
        [1, 1, 1, 144], 
        [1, 56, 56, 144], 
        [1, 1, 144, 32], 
        [1, 1, 1, 32], 
        [1, 56, 56, 32], 
        [1, 1, 32, 192], 
        [1, 1, 1, 192], 
        [1, 56, 56, 192], 
        [3, 3, 192, 1], 
        [1, 1, 1, 192], 
        [1, 56, 56, 192], 
        [1, 1, 192, 32], 
        [1, 1, 1, 32], 
        [1, 56, 56, 32], 
        [1, 1, 32, 192], 
        [1, 1, 1, 192], 
        [1, 56, 56, 192], 
        [3, 3, 192, 1], 
        [1, 1, 1, 192], 
        [1, 28, 28, 192], 
        [1, 1, 192, 48], 
        [1, 1, 1, 48], 
        [1, 28, 28, 48], 
        [1, 1, 48, 288], 
        [1, 1, 1, 288], 
        [1, 28, 28, 288], 
        [3, 3, 288, 1], 
        [1, 1, 1, 288], 
        [1, 28, 28, 288], 
        [1, 1, 288, 48], 
        [1, 1, 1, 48], 
        [1, 28, 28, 48], 
        [1, 1, 48, 288], 
        [1, 1, 1, 288], 
        [1, 28, 28, 288], 
        [3, 3, 288, 1], 
        [1, 1, 1, 288], 
        [1, 28, 28, 288], 
        [1, 1, 288, 48], 
        [1, 1, 1, 48], 
        [1, 28, 28, 48], 
        [1, 1, 48, 288], 
        [1, 1, 1, 288], 
        [1, 28, 28, 288], 
        [3, 3, 288, 1], 
        [1, 1, 1, 288], 
        [1, 14, 14, 288], 
        [1, 1, 288, 88], 
        [1, 1, 1, 88], 
        [1, 14, 14, 88], 
        [1, 1, 88, 528], 
        [1, 1, 1, 528], 
        [1, 14, 14, 528], 
        [3, 3, 528, 1], 
        [1, 1, 1, 528], 
        [1, 14, 14, 528], 
        [1, 1, 528, 88], 
        [1, 1, 1, 88], 
        [1, 14, 14, 88], 
        [1, 1, 88, 528], 
        [1, 1, 1, 528], 
        [1, 14, 14, 528], 
        [3, 3, 528, 1], 
        [1, 1, 1, 528], 
        [1, 14, 14, 528], 
        [1, 1, 528, 88], 
        [1, 1, 1, 88], 
        [1, 14, 14, 88], 
        [1, 1, 88, 528], 
        [1, 1, 1, 528], 
        [1, 14, 14, 528], 
        [3, 3, 528, 1], 
        [1, 1, 1, 528], 
        [1, 14, 14, 528], 
        [1, 1, 528, 88], 
        [1, 1, 1, 88], 
        [1, 14, 14, 88], 
        [1, 1, 88, 528], 
        [1, 1, 1, 528], 
        [1, 14, 14, 528], 
        [3, 3, 528, 1], 
        [1, 1, 1, 528], 
        [1, 14, 14, 528], 
        [1, 1, 528, 136], 
        [1, 1, 1, 136], 
        [1, 14, 14, 136], 
        [1, 1, 136, 816], 
        [1, 1, 1, 816], 
        [1, 14, 14, 816], 
        [3, 3, 816, 1], 
        [1, 1, 1, 816], 
        [1, 14, 14, 816], 
        [1, 1, 816, 136], 
        [1, 1, 1, 136], 
        [1, 14, 14, 136], 
        [1, 1, 136, 816], 
        [1, 1, 1, 816], 
        [1, 14, 14, 816], 
        [3, 3, 816, 1], 
        [1, 1, 1, 816], 
        [1, 14, 14, 816], 
        [1, 1, 816, 136], 
        [1, 1, 1, 136], 
        [1, 14, 14, 136], 
        [1, 1, 136, 816], 
        [1, 1, 1, 816], 
        [1, 14, 14, 816], 
        [3, 3, 816, 1], 
        [1, 1, 1, 816], 
        [1, 7, 7, 816], 
        [1, 1, 816, 224], 
        [1, 1, 1, 224], 
        [1, 7, 7, 224], 
        [1, 1, 224, 1344], 
        [1, 1, 1, 1344], 
        [1, 7, 7, 1344], 
        [3, 3, 1344, 1], 
        [1, 1, 1, 1344], 
        [1, 7, 7, 1344], 
        [1, 1, 1344, 224], 
        [1, 1, 1, 224], 
        [1, 7, 7, 224], 
        [1, 1, 224, 1344], 
        [1, 1, 1, 1344], 
        [1, 7, 7, 1344], 
        [3, 3, 1344, 1], 
        [1, 1, 1, 1344], 
        [1, 7, 7, 1344], 
        [1, 1, 1344, 224], 
        [1, 1, 1, 224], 
        [1, 7, 7, 224], 
        [1, 1, 224, 1344], 
        [1, 1, 1, 1344], 
        [1, 7, 7, 1344], 
        [3, 3, 1344, 1], 
        [1, 1, 1, 1344], 
        [1, 7, 7, 1344], 
        [1, 1, 1344, 448], 
        [1, 1, 1, 448], 
        [1, 7, 7, 448], 
        [1, 1, 448, 1792], 
        [1, 1, 1, 1792], 
        [1, 7, 7, 1792], 
        [1, 1, 1, 1792], 
        [1, 1, 1792, 1001], 
        [1, 1, 1, 1001], 
        [1, 1, 1, 1001], 
        [1, 1001], 
        [1, 1001], 
        [1, 1001]
      ]
    ], 
    "storage_id": [
      "list_int", 
      [
        0, 
        1, 
        2, 
        3, 
        4, 
        5, 
        6, 
        7, 
        8, 
        3, 
        9, 
        10, 
        6, 
        11, 
        12, 
        3, 
        13, 
        14, 
        15, 
        16, 
        17, 
        3, 
        18, 
        19, 
        6, 
        20, 
        21, 
        3, 
        22, 
        23, 
        6, 
        24, 
        25, 
        3, 
        26, 
        27, 
        15, 
        28, 
        29, 
        3, 
        30, 
        31, 
        6, 
        32, 
        33, 
        3, 
        34, 
        35, 
        6, 
        36, 
        37, 
        15, 
        38, 
        39, 
        40, 
        41, 
        42, 
        15, 
        43, 
        44, 
        3, 
        45, 
        46, 
        40, 
        47, 
        48, 
        15, 
        49, 
        50, 
        3, 
        51, 
        52, 
        15, 
        53, 
        54, 
        3, 
        55, 
        56, 
        40, 
        57, 
        58, 
        59, 
        60, 
        61, 
        40, 
        62, 
        63, 
        15, 
        64, 
        65, 
        40, 
        66, 
        67, 
        15, 
        68, 
        69, 
        40, 
        70, 
        71, 
        15, 
        72, 
        73, 
        3, 
        74, 
        75, 
        6, 
        76, 
        77, 
        40, 
        78, 
        79, 
        15, 
        80, 
        81, 
        3, 
        82, 
        83, 
        15, 
        84, 
        85, 
        3, 
        86, 
        87, 
        40, 
        88, 
        89, 
        59, 
        90, 
        91, 
        40, 
        92, 
        93, 
        15, 
        94, 
        95, 
        40, 
        96, 
        97, 
        15, 
        98, 
        99, 
        3, 
        100, 
        101, 
        59, 
        102, 
        103, 
        40, 
        104, 
        105, 
        15, 
        106, 
        107, 
        40, 
        108, 
        109, 
        15, 
        59, 
        110, 
        111, 
        112, 
        112, 
        113, 
        113
      ]
    ]
  }, 
  "node_row_ptr": [
    0, 
    1, 
    2, 
    3, 
    4, 
    5, 
    6, 
    7, 
    8, 
    9, 
    10, 
    11, 
    12, 
    13, 
    14, 
    15, 
    16, 
    17, 
    18, 
    19, 
    20, 
    21, 
    22, 
    23, 
    24, 
    25, 
    26, 
    27, 
    28, 
    29, 
    30, 
    31, 
    32, 
    33, 
    34, 
    35, 
    36, 
    37, 
    38, 
    39, 
    40, 
    41, 
    42, 
    43, 
    44, 
    45, 
    46, 
    47, 
    48, 
    49, 
    50, 
    51, 
    52, 
    53, 
    54, 
    55, 
    56, 
    57, 
    58, 
    59, 
    60, 
    61, 
    62, 
    63, 
    64, 
    65, 
    66, 
    67, 
    68, 
    69, 
    70, 
    71, 
    72, 
    73, 
    74, 
    75, 
    76, 
    77, 
    78, 
    79, 
    80, 
    81, 
    82, 
    83, 
    84, 
    85, 
    86, 
    87, 
    88, 
    89, 
    90, 
    91, 
    92, 
    93, 
    94, 
    95, 
    96, 
    97, 
    98, 
    99, 
    100, 
    101, 
    102, 
    103, 
    104, 
    105, 
    106, 
    107, 
    108, 
    109, 
    110, 
    111, 
    112, 
    113, 
    114, 
    115, 
    116, 
    117, 
    118, 
    119, 
    120, 
    121, 
    122, 
    123, 
    124, 
    125, 
    126, 
    127, 
    128, 
    129, 
    130, 
    131, 
    132, 
    133, 
    134, 
    135, 
    136, 
    137, 
    138, 
    139, 
    140, 
    141, 
    142, 
    143, 
    144, 
    145, 
    146, 
    147, 
    148, 
    149, 
    150, 
    151, 
    152, 
    153, 
    154, 
    155, 
    156, 
    157, 
    158, 
    159, 
    160, 
    161, 
    162, 
    163, 
    164
  ]
}