{
  "nodes": [
    {
      "op": "null", 
      "name": "MobilenetV2/MobilenetV2/input", 
      "inputs": []
    }, 
    {
      "op": "tvm_op", 
      "name": "tvmgen_default_fused_layout_transform", 
      "attrs": {
        "num_outputs": "1", 
        "src_layout": "NHWC", 
        "flatten_data": "0", 
        "dst_layout": "NCHW", 
        "hash": "e60d1e02227c4418", 
        "func_name": "tvmgen_default_fused_layout_transform", 
        "num_inputs": "1"
      }, 
      "inputs": [
        [
          0, 
          0, 
          0
        ]
      ]
    }, 
    {
      "op": "null", 
      "name": "p0", 
      "inputs": []
    }, 
    {
      "op": "null", 
      "name": "p1", 
      "inputs": []
    }, 
    {
      "op": "tvm_op", 
      "name": "tvmgen_default_fused_nn_conv2d_add_clip", 
      "attrs": {
        "num_outputs": "1", 
        "num_inputs": "3", 
        "data_layout": "NCHW", 
        "kernel_layout": "OIHW4o", 
        "hash": "5d1c1424d45f5509", 
        "func_name": "tvmgen_default_fused_nn_conv2d_add_clip", 
        "out_layout": "NCHW4c", 
        "flatten_data": "0"
      }, 
      "inputs": [
        [
          1, 
          0, 
          0
        ], 
        [
          2, 
          0, 
          0
        ], 
        [
          3, 
          0, 
          0
        ]
      ]
    }, 
    {
      "op": "tvm_op", 
      "name": "__copy", 
      "attrs": {
        "num_outputs": "1", 
        "num_inputs": "1", 
        "func_name": "__copy", 
        "flatten_data": "0"
      }, 
      "inputs": [
        [
          4, 
          0, 
          0
        ]
      ]
    }, 
    {
      "op": "null", 
      "name": "p2", 
      "inputs": []
    }, 
    {
      "op": "null", 
      "name": "p3", 
      "inputs": []
    }, 
    {
      "op": "tvm_op", 
      "name": "tvmgen_default_fused_nn_conv2d_add_clip_1", 
      "attrs": {
        "num_outputs": "1", 
        "num_inputs": "3", 
        "data_layout": "NCHW4c", 
        "kernel_layout": "OIHW4o", 
        "hash": "a6c8c85a9a9ae0d6", 
        "func_name": "tvmgen_default_fused_nn_conv2d_add_clip_1", 
        "out_layout": "NCHW4c", 
        "flatten_data": "0"
      }, 
      "inputs": [
        [
          5, 
          0, 
          0
        ], 
        [
          6, 
          0, 
          0
        ], 
        [
          7, 
          0, 
          0
        ]
      ]
    }, 
    {
      "op": "null", 
      "name": "p4", 
      "inputs": []
    }, 
    {
      "op": "null", 
      "name": "p5", 
      "inputs": []
    }, 
    {
      "op": "tvm_op", 
      "name": "tvmgen_default_fused_nn_conv2d_add", 
      "attrs": {
        "num_outputs": "1", 
        "num_inputs": "3", 
        "data_layout": "NCHW4c", 
        "kernel_layout": "OIHW4o", 
        "hash": "a046accf8f353b88", 
        "func_name": "tvmgen_default_fused_nn_conv2d_add", 
        "out_layout": "NCHW4c", 
        "flatten_data": "0"
      }, 
      "inputs": [
        [
          8, 
          0, 
          0
        ], 
        [
          9, 
          0, 
          0
        ], 
        [
          10, 
          0, 
          0
        ]
      ]
    }, 
    {
      "op": "null", 
      "name": "p6", 
      "inputs": []
    }, 
    {
      "op": "null", 
      "name": "p7", 
      "inputs": []
    }, 
    {
      "op": "tvm_op", 
      "name": "tvmgen_default_fused_nn_conv2d_add_clip_2", 
      "attrs": {
        "num_outputs": "1", 
        "num_inputs": "3", 
        "data_layout": "NCHW4c", 
        "kernel_layout": "OIHW4o", 
        "hash": "ca7b4231b4b82731", 
        "func_name": "tvmgen_default_fused_nn_conv2d_add_clip_2", 
        "out_layout": "NCHW4c", 
        "flatten_data": "0"
      }, 
      "inputs": [
        [
          11, 
          0, 
          0
        ], 
        [
          12, 
          0, 
          0
        ], 
        [
          13, 
          0, 
          0
        ]
      ]
    }, 
    {
      "op": "null", 
      "name": "p8", 
      "inputs": []
    }, 
    {
      "op": "null", 
      "name": "p9", 
      "inputs": []
    }, 
    {
      "op": "tvm_op", 
      "name": "tvmgen_default_fused_nn_conv2d_add_clip_3", 
      "attrs": {
        "num_outputs": "1", 
        "num_inputs": "3", 
        "data_layout": "NCHW4c", 
        "kernel_layout": "OIHW4o", 
        "hash": "3103884584f50f10", 
        "func_name": "tvmgen_default_fused_nn_conv2d_add_clip_3", 
        "out_layout": "NCHW4c", 
        "flatten_data": "0"
      }, 
      "inputs": [
        [
          14, 
          0, 
          0
        ], 
        [
          15, 
          0, 
          0
        ], 
        [
          16, 
          0, 
          0
        ]
      ]
    }, 
    {
      "op": "null", 
      "name": "p10", 
      "inputs": []
    }, 
    {
      "op": "null", 
      "name": "p11", 
      "inputs": []
    }, 
    {
      "op": "tvm_op", 
      "name": "tvmgen_default_fused_nn_conv2d_add_1", 
      "attrs": {
        "num_outputs": "1", 
        "num_inputs": "3", 
        "data_layout": "NCHW4c", 
        "kernel_layout": "OIHW4o", 
        "hash": "dfa1bbe93d599793", 
        "func_name": "tvmgen_default_fused_nn_conv2d_add_1", 
        "out_layout": "NCHW4c", 
        "flatten_data": "0"
      }, 
      "inputs": [
        [
          17, 
          0, 
          0
        ], 
        [
          18, 
          0, 
          0
        ], 
        [
          19, 
          0, 
          0
        ]
      ]
    }, 
    {
      "op": "null", 
      "name": "p12", 
      "inputs": []
    }, 
    {
      "op": "null", 
      "name": "p13", 
      "inputs": []
    }, 
    {
      "op": "tvm_op", 
      "name": "tvmgen_default_fused_nn_conv2d_add_clip_4", 
      "attrs": {
        "num_outputs": "1", 
        "num_inputs": "3", 
        "data_layout": "NCHW4c", 
        "kernel_layout": "OIHW4o", 
        "hash": "613673242e11d335", 
        "func_name": "tvmgen_default_fused_nn_conv2d_add_clip_4", 
        "out_layout": "NCHW4c", 
        "flatten_data": "0"
      }, 
      "inputs": [
        [
          20, 
          0, 
          0
        ], 
        [
          21, 
          0, 
          0
        ], 
        [
          22, 
          0, 
          0
        ]
      ]
    }, 
    {
      "op": "null", 
      "name": "p14", 
      "inputs": []
    }, 
    {
      "op": "null", 
      "name": "p15", 
      "inputs": []
    }, 
    {
      "op": "tvm_op", 
      "name": "tvmgen_default_fused_nn_conv2d_add_clip_5", 
      "attrs": {
        "num_outputs": "1", 
        "num_inputs": "3", 
        "data_layout": "NCHW4c", 
        "kernel_layout": "OIHW4o", 
        "hash": "ea17311b09b88e13", 
        "func_name": "tvmgen_default_fused_nn_conv2d_add_clip_5", 
        "out_layout": "NCHW4c", 
        "flatten_data": "0"
      }, 
      "inputs": [
        [
          23, 
          0, 
          0
        ], 
        [
          24, 
          0, 
          0
        ], 
        [
          25, 
          0, 
          0
        ]
      ]
    }, 
    {
      "op": "null", 
      "name": "p16", 
      "inputs": []
    }, 
    {
      "op": "null", 
      "name": "p17", 
      "inputs": []
    }, 
    {
      "op": "tvm_op", 
      "name": "tvmgen_default_fused_nn_conv2d_add_add", 
      "attrs": {
        "num_outputs": "1", 
        "num_inputs": "4", 
        "data_layout": "NCHW4c", 
        "kernel_layout": "OIHW4o", 
        "hash": "80a142a31584b0bb", 
        "func_name": "tvmgen_default_fused_nn_conv2d_add_add", 
        "out_layout": "NCHW4c", 
        "flatten_data": "0"
      }, 
      "inputs": [
        [
          26, 
          0, 
          0
        ], 
        [
          27, 
          0, 
          0
        ], 
        [
          28, 
          0, 
          0
        ], 
        [
          20, 
          0, 
          0
        ]
      ]
    }, 
    {
      "op": "null", 
      "name": "p18", 
      "inputs": []
    }, 
    {
      "op": "null", 
      "name": "p19", 
      "inputs": []
    }, 
    {
      "op": "tvm_op", 
      "name": "tvmgen_default_fused_nn_conv2d_add_clip_6", 
      "attrs": {
        "num_outputs": "1", 
        "num_inputs": "3", 
        "data_layout": "NCHW4c", 
        "kernel_layout": "OIHW4o", 
        "hash": "613673242e11d335", 
        "func_name": "tvmgen_default_fused_nn_conv2d_add_clip_6", 
        "out_layout": "NCHW4c", 
        "flatten_data": "0"
      }, 
      "inputs": [
        [
          29, 
          0, 
          0
        ], 
        [
          30, 
          0, 
          0
        ], 
        [
          31, 
          0, 
          0
        ]
      ]
    }, 
    {
      "op": "null", 
      "name": "p20", 
      "inputs": []
    }, 
    {
      "op": "null", 
      "name": "p21", 
      "inputs": []
    }, 
    {
      "op": "tvm_op", 
      "name": "tvmgen_default_fused_nn_conv2d_add_clip_7", 
      "attrs": {
        "num_outputs": "1", 
        "num_inputs": "3", 
        "data_layout": "NCHW4c", 
        "kernel_layout": "OIHW4o", 
        "hash": "c0594f846f1c67fd", 
        "func_name": "tvmgen_default_fused_nn_conv2d_add_clip_7", 
        "out_layout": "NCHW4c", 
        "flatten_data": "0"
      }, 
      "inputs": [
        [
          32, 
          0, 
          0
        ], 
        [
          33, 
          0, 
          0
        ], 
        [
          34, 
          0, 
          0
        ]
      ]
    }, 
    {
      "op": "null", 
      "name": "p22", 
      "inputs": []
    }, 
    {
      "op": "null", 
      "name": "p23", 
      "inputs": []
    }, 
    {
      "op": "tvm_op", 
      "name": "tvmgen_default_fused_nn_conv2d_add_2", 
      "attrs": {
        "num_outputs": "1", 
        "num_inputs": "3", 
        "data_layout": "NCHW4c", 
        "kernel_layout": "OIHW4o", 
        "hash": "92dcb8f4e26cc45e", 
        "func_name": "tvmgen_default_fused_nn_conv2d_add_2", 
        "out_layout": "NCHW4c", 
        "flatten_data": "0"
      }, 
      "inputs": [
        [
          35, 
          0, 
          0
        ], 
        [
          36, 
          0, 
          0
        ], 
        [
          37, 
          0, 
          0
        ]
      ]
    }, 
    {
      "op": "null", 
      "name": "p24", 
      "inputs": []
    }, 
    {
      "op": "null", 
      "name": "p25", 
      "inputs": []
    }, 
    {
      "op": "tvm_op", 
      "name": "tvmgen_default_fused_nn_conv2d_add_clip_8", 
      "attrs": {
        "num_outputs": "1", 
        "num_inputs": "3", 
        "data_layout": "NCHW4c", 
        "kernel_layout": "OIHW4o", 
        "hash": "22b61ab06270e6e3", 
        "func_name": "tvmgen_default_fused_nn_conv2d_add_clip_8", 
        "out_layout": "NCHW4c", 
        "flatten_data": "0"
      }, 
      "inputs": [
        [
          38, 
          0, 
          0
        ], 
        [
          39, 
          0, 
          0
        ], 
        [
          40, 
          0, 
          0
        ]
      ]
    }, 
    {
      "op": "null", 
      "name": "p26", 
      "inputs": []
    }, 
    {
      "op": "null", 
      "name": "p27", 
      "inputs": []
    }, 
    {
      "op": "tvm_op", 
      "name": "tvmgen_default_fused_nn_conv2d_add_clip_9", 
      "attrs": {
        "num_outputs": "1", 
        "num_inputs": "3", 
        "data_layout": "NCHW4c", 
        "kernel_layout": "OIHW4o", 
        "hash": "4569c3859e185369", 
        "func_name": "tvmgen_default_fused_nn_conv2d_add_clip_9", 
        "out_layout": "NCHW4c", 
        "flatten_data": "0"
      }, 
      "inputs": [
        [
          41, 
          0, 
          0
        ], 
        [
          42, 
          0, 
          0
        ], 
        [
          43, 
          0, 
          0
        ]
      ]
    }, 
    {
      "op": "null", 
      "name": "p28", 
      "inputs": []
    }, 
    {
      "op": "null", 
      "name": "p29", 
      "inputs": []
    }, 
    {
      "op": "tvm_op", 
      "name": "tvmgen_default_fused_nn_conv2d_add_add_1", 
      "attrs": {
        "num_outputs": "1", 
        "num_inputs": "4", 
        "data_layout": "NCHW4c", 
        "kernel_layout": "OIHW4o", 
        "hash": "6903e6fe1ea846ea", 
        "func_name": "tvmgen_default_fused_nn_conv2d_add_add_1", 
        "out_layout": "NCHW4c", 
        "flatten_data": "0"
      }, 
      "inputs": [
        [
          44, 
          0, 
          0
        ], 
        [
          45, 
          0, 
          0
        ], 
        [
          46, 
          0, 
          0
        ], 
        [
          38, 
          0, 
          0
        ]
      ]
    }, 
    {
      "op": "null", 
      "name": "p30", 
      "inputs": []
    }, 
    {
      "op": "null", 
      "name": "p31", 
      "inputs": []
    }, 
    {
      "op": "tvm_op", 
      "name": "tvmgen_default_fused_nn_conv2d_add_clip_10", 
      "attrs": {
        "num_outputs": "1", 
        "num_inputs": "3", 
        "data_layout": "NCHW4c", 
        "kernel_layout": "OIHW4o", 
        "hash": "22b61ab06270e6e3", 
        "func_name": "tvmgen_default_fused_nn_conv2d_add_clip_10", 
        "out_layout": "NCHW4c", 
        "flatten_data": "0"
      }, 
      "inputs": [
        [
          47, 
          0, 
          0
        ], 
        [
          48, 
          0, 
          0
        ], 
        [
          49, 
          0, 
          0
        ]
      ]
    }, 
    {
      "op": "null", 
      "name": "p32", 
      "inputs": []
    }, 
    {
      "op": "null", 
      "name": "p33", 
      "inputs": []
    }, 
    {
      "op": "tvm_op", 
      "name": "tvmgen_default_fused_nn_conv2d_add_clip_11", 
      "attrs": {
        "num_outputs": "1", 
        "num_inputs": "3", 
        "data_layout": "NCHW4c", 
        "kernel_layout": "OIHW4o", 
        "hash": "4569c3859e185369", 
        "func_name": "tvmgen_default_fused_nn_conv2d_add_clip_11", 
        "out_layout": "NCHW4c", 
        "flatten_data": "0"
      }, 
      "inputs": [
        [
          50, 
          0, 
          0
        ], 
        [
          51, 
          0, 
          0
        ], 
        [
          52, 
          0, 
          0
        ]
      ]
    }, 
    {
      "op": "null", 
      "name": "p34", 
      "inputs": []
    }, 
    {
      "op": "null", 
      "name": "p35", 
      "inputs": []
    }, 
    {
      "op": "tvm_op", 
      "name": "tvmgen_default_fused_nn_conv2d_add_add_2", 
      "attrs": {
        "num_outputs": "1", 
        "num_inputs": "4", 
        "data_layout": "NCHW4c", 
        "kernel_layout": "OIHW4o", 
        "hash": "6903e6fe1ea846ea", 
        "func_name": "tvmgen_default_fused_nn_conv2d_add_add_2", 
        "out_layout": "NCHW4c", 
        "flatten_data": "0"
      }, 
      "inputs": [
        [
          53, 
          0, 
          0
        ], 
        [
          54, 
          0, 
          0
        ], 
        [
          55, 
          0, 
          0
        ], 
        [
          47, 
          0, 
          0
        ]
      ]
    }, 
    {
      "op": "null", 
      "name": "p36", 
      "inputs": []
    }, 
    {
      "op": "null", 
      "name": "p37", 
      "inputs": []
    }, 
    {
      "op": "tvm_op", 
      "name": "tvmgen_default_fused_nn_conv2d_add_clip_12", 
      "attrs": {
        "num_outputs": "1", 
        "num_inputs": "3", 
        "data_layout": "NCHW4c", 
        "kernel_layout": "OIHW4o", 
        "hash": "22b61ab06270e6e3", 
        "func_name": "tvmgen_default_fused_nn_conv2d_add_clip_12", 
        "out_layout": "NCHW4c", 
        "flatten_data": "0"
      }, 
      "inputs": [
        [
          56, 
          0, 
          0
        ], 
        [
          57, 
          0, 
          0
        ], 
        [
          58, 
          0, 
          0
        ]
      ]
    }, 
    {
      "op": "null", 
      "name": "p38", 
      "inputs": []
    }, 
    {
      "op": "null", 
      "name": "p39", 
      "inputs": []
    }, 
    {
      "op": "tvm_op", 
      "name": "tvmgen_default_fused_nn_conv2d_add_clip_13", 
      "attrs": {
        "num_outputs": "1", 
        "num_inputs": "3", 
        "data_layout": "NCHW4c", 
        "kernel_layout": "OIHW4o", 
        "hash": "f8061f847a5f4b62", 
        "func_name": "tvmgen_default_fused_nn_conv2d_add_clip_13", 
        "out_layout": "NCHW4c", 
        "flatten_data": "0"
      }, 
      "inputs": [
        [
          59, 
          0, 
          0
        ], 
        [
          60, 
          0, 
          0
        ], 
        [
          61, 
          0, 
          0
        ]
      ]
    }, 
    {
      "op": "null", 
      "name": "p40", 
      "inputs": []
    }, 
    {
      "op": "null", 
      "name": "p41", 
      "inputs": []
    }, 
    {
      "op": "tvm_op", 
      "name": "tvmgen_default_fused_nn_conv2d_add_3", 
      "attrs": {
        "num_outputs": "1", 
        "num_inputs": "3", 
        "data_layout": "NCHW4c", 
        "kernel_layout": "OIHW4o", 
        "hash": "a6396062a74cca3f", 
        "func_name": "tvmgen_default_fused_nn_conv2d_add_3", 
        "out_layout": "NCHW4c", 
        "flatten_data": "0"
      }, 
      "inputs": [
        [
          62, 
          0, 
          0
        ], 
        [
          63, 
          0, 
          0
        ], 
        [
          64, 
          0, 
          0
        ]
      ]
    }, 
    {
      "op": "null", 
      "name": "p42", 
      "inputs": []
    }, 
    {
      "op": "null", 
      "name": "p43", 
      "inputs": []
    }, 
    {
      "op": "tvm_op", 
      "name": "tvmgen_default_fused_nn_conv2d_add_clip_14", 
      "attrs": {
        "num_outputs": "1", 
        "num_inputs": "3", 
        "data_layout": "NCHW4c", 
        "kernel_layout": "OIHW4o", 
        "hash": "68eee09630fcbff8", 
        "func_name": "tvmgen_default_fused_nn_conv2d_add_clip_14", 
        "out_layout": "NCHW4c", 
        "flatten_data": "0"
      }, 
      "inputs": [
        [
          65, 
          0, 
          0
        ], 
        [
          66, 
          0, 
          0
        ], 
        [
          67, 
          0, 
          0
        ]
      ]
    }, 
    {
      "op": "null", 
      "name": "p44", 
      "inputs": []
    }, 
    {
      "op": "null", 
      "name": "p45", 
      "inputs": []
    }, 
    {
      "op": "tvm_op", 
      "name": "tvmgen_default_fused_nn_conv2d_add_clip_15", 
      "attrs": {
        "num_outputs": "1", 
        "num_inputs": "3", 
        "data_layout": "NCHW4c", 
        "kernel_layout": "OIHW4o", 
        "hash": "f7e5e25785d6a919", 
        "func_name": "tvmgen_default_fused_nn_conv2d_add_clip_15", 
        "out_layout": "NCHW4c", 
        "flatten_data": "0"
      }, 
      "inputs": [
        [
          68, 
          0, 
          0
        ], 
        [
          69, 
          0, 
          0
        ], 
        [
          70, 
          0, 
          0
        ]
      ]
    }, 
    {
      "op": "null", 
      "name": "p46", 
      "inputs": []
    }, 
    {
      "op": "null", 
      "name": "p47", 
      "inputs": []
    }, 
    {
      "op": "tvm_op", 
      "name": "tvmgen_default_fused_nn_conv2d_add_add_3", 
      "attrs": {
        "num_outputs": "1", 
        "num_inputs": "4", 
        "data_layout": "NCHW4c", 
        "kernel_layout": "OIHW4o", 
        "hash": "517844d627ae4045", 
        "func_name": "tvmgen_default_fused_nn_conv2d_add_add_3", 
        "out_layout": "NCHW4c", 
        "flatten_data": "0"
      }, 
      "inputs": [
        [
          71, 
          0, 
          0
        ], 
        [
          72, 
          0, 
          0
        ], 
        [
          73, 
          0, 
          0
        ], 
        [
          65, 
          0, 
          0
        ]
      ]
    }, 
    {
      "op": "null", 
      "name": "p48", 
      "inputs": []
    }, 
    {
      "op": "null", 
      "name": "p49", 
      "inputs": []
    }, 
    {
      "op": "tvm_op", 
      "name": "tvmgen_default_fused_nn_conv2d_add_clip_16", 
      "attrs": {
        "num_outputs": "1", 
        "num_inputs": "3", 
        "data_layout": "NCHW4c", 
        "kernel_layout": "OIHW4o", 
        "hash": "68eee09630fcbff8", 
        "func_name": "tvmgen_default_fused_nn_conv2d_add_clip_16", 
        "out_layout": "NCHW4c", 
        "flatten_data": "0"
      }, 
      "inputs": [
        [
          74, 
          0, 
          0
        ], 
        [
          75, 
          0, 
          0
        ], 
        [
          76, 
          0, 
          0
        ]
      ]
    }, 
    {
      "op": "null", 
      "name": "p50", 
      "inputs": []
    }, 
    {
      "op": "null", 
      "name": "p51", 
      "inputs": []
    }, 
    {
      "op": "tvm_op", 
      "name": "tvmgen_default_fused_nn_conv2d_add_clip_17", 
      "attrs": {
        "num_outputs": "1", 
        "num_inputs": "3", 
        "data_layout": "NCHW4c", 
        "kernel_layout": "OIHW4o", 
        "hash": "f7e5e25785d6a919", 
        "func_name": "tvmgen_default_fused_nn_conv2d_add_clip_17", 
        "out_layout": "NCHW4c", 
        "flatten_data": "0"
      }, 
      "inputs": [
        [
          77, 
          0, 
          0
        ], 
        [
          78, 
          0, 
          0
        ], 
        [
          79, 
          0, 
          0
        ]
      ]
    }, 
    {
      "op": "null", 
      "name": "p52", 
      "inputs": []
    }, 
    {
      "op": "null", 
      "name": "p53", 
      "inputs": []
    }, 
    {
      "op": "tvm_op", 
      "name": "tvmgen_default_fused_nn_conv2d_add_add_4", 
      "attrs": {
        "num_outputs": "1", 
        "num_inputs": "4", 
        "data_layout": "NCHW4c", 
        "kernel_layout": "OIHW4o", 
        "hash": "517844d627ae4045", 
        "func_name": "tvmgen_default_fused_nn_conv2d_add_add_4", 
        "out_layout": "NCHW4c", 
        "flatten_data": "0"
      }, 
      "inputs": [
        [
          80, 
          0, 
          0
        ], 
        [
          81, 
          0, 
          0
        ], 
        [
          82, 
          0, 
          0
        ], 
        [
          74, 
          0, 
          0
        ]
      ]
    }, 
    {
      "op": "null", 
      "name": "p54", 
      "inputs": []
    }, 
    {
      "op": "null", 
      "name": "p55", 
      "inputs": []
    }, 
    {
      "op": "tvm_op", 
      "name": "tvmgen_default_fused_nn_conv2d_add_clip_18", 
      "attrs": {
        "num_outputs": "1", 
        "num_inputs": "3", 
        "data_layout": "NCHW4c", 
        "kernel_layout": "OIHW4o", 
        "hash": "68eee09630fcbff8", 
        "func_name": "tvmgen_default_fused_nn_conv2d_add_clip_18", 
        "out_layout": "NCHW4c", 
        "flatten_data": "0"
      }, 
      "inputs": [
        [
          83, 
          0, 
          0
        ], 
        [
          84, 
          0, 
          0
        ], 
        [
          85, 
          0, 
          0
        ]
      ]
    }, 
    {
      "op": "null", 
      "name": "p56", 
      "inputs": []
    }, 
    {
      "op": "null", 
      "name": "p57", 
      "inputs": []
    }, 
    {
      "op": "tvm_op", 
      "name": "tvmgen_default_fused_nn_conv2d_add_clip_19", 
      "attrs": {
        "num_outputs": "1", 
        "num_inputs": "3", 
        "data_layout": "NCHW4c", 
        "kernel_layout": "OIHW4o", 
        "hash": "f7e5e25785d6a919", 
        "func_name": "tvmgen_default_fused_nn_conv2d_add_clip_19", 
        "out_layout": "NCHW4c", 
        "flatten_data": "0"
      }, 
      "inputs": [
        [
          86, 
          0, 
          0
        ], 
        [
          87, 
          0, 
          0
        ], 
        [
          88, 
          0, 
          0
        ]
      ]
    }, 
    {
      "op": "null", 
      "name": "p58", 
      "inputs": []
    }, 
    {
      "op": "null", 
      "name": "p59", 
      "inputs": []
    }, 
    {
      "op": "tvm_op", 
      "name": "tvmgen_default_fused_nn_conv2d_add_add_5", 
      "attrs": {
        "num_outputs": "1", 
        "num_inputs": "4", 
        "data_layout": "NCHW4c", 
        "kernel_layout": "OIHW4o", 
        "hash": "517844d627ae4045", 
        "func_name": "tvmgen_default_fused_nn_conv2d_add_add_5", 
        "out_layout": "NCHW4c", 
        "flatten_data": "0"
      }, 
      "inputs": [
        [
          89, 
          0, 
          0
        ], 
        [
          90, 
          0, 
          0
        ], 
        [
          91, 
          0, 
          0
        ], 
        [
          83, 
          0, 
          0
        ]
      ]
    }, 
    {
      "op": "null", 
      "name": "p60", 
      "inputs": []
    }, 
    {
      "op": "null", 
      "name": "p61", 
      "inputs": []
    }, 
    {
      "op": "tvm_op", 
      "name": "tvmgen_default_fused_nn_conv2d_add_clip_20", 
      "attrs": {
        "num_outputs": "1", 
        "num_inputs": "3", 
        "data_layout": "NCHW4c", 
        "kernel_layout": "OIHW4o", 
        "hash": "68eee09630fcbff8", 
        "func_name": "tvmgen_default_fused_nn_conv2d_add_clip_20", 
        "out_layout": "NCHW4c", 
        "flatten_data": "0"
      }, 
      "inputs": [
        [
          92, 
          0, 
          0
        ], 
        [
          93, 
          0, 
          0
        ], 
        [
          94, 
          0, 
          0
        ]
      ]
    }, 
    {
      "op": "null", 
      "name": "p62", 
      "inputs": []
    }, 
    {
      "op": "null", 
      "name": "p63", 
      "inputs": []
    }, 
    {
      "op": "tvm_op", 
      "name": "tvmgen_default_fused_nn_conv2d_add_clip_21", 
      "attrs": {
        "num_outputs": "1", 
        "num_inputs": "3", 
        "data_layout": "NCHW4c", 
        "kernel_layout": "OIHW4o", 
        "hash": "f7e5e25785d6a919", 
        "func_name": "tvmgen_default_fused_nn_conv2d_add_clip_21", 
        "out_layout": "NCHW4c", 
        "flatten_data": "0"
      }, 
      "inputs": [
        [
          95, 
          0, 
          0
        ], 
        [
          96, 
          0, 
          0
        ], 
        [
          97, 
          0, 
          0
        ]
      ]
    }, 
    {
      "op": "null", 
      "name": "p64", 
      "inputs": []
    }, 
    {
      "op": "null", 
      "name": "p65", 
      "inputs": []
    }, 
    {
      "op": "tvm_op", 
      "name": "tvmgen_default_fused_nn_conv2d_add_4", 
      "attrs": {
        "num_outputs": "1", 
        "num_inputs": "3", 
        "data_layout": "NCHW4c", 
        "kernel_layout": "OIHW4o", 
        "hash": "c368c0539fbdb0d1", 
        "func_name": "tvmgen_default_fused_nn_conv2d_add_4", 
        "out_layout": "NCHW4c", 
        "flatten_data": "0"
      }, 
      "inputs": [
        [
          98, 
          0, 
          0
        ], 
        [
          99, 
          0, 
          0
        ], 
        [
          100, 
          0, 
          0
        ]
      ]
    }, 
    {
      "op": "null", 
      "name": "p66", 
      "inputs": []
    }, 
    {
      "op": "null", 
      "name": "p67", 
      "inputs": []
    }, 
    {
      "op": "tvm_op", 
      "name": "tvmgen_default_fused_nn_conv2d_add_clip_22", 
      "attrs": {
        "num_outputs": "1", 
        "num_inputs": "3", 
        "data_layout": "NCHW4c", 
        "kernel_layout": "OIHW4o", 
        "hash": "d360d5792f68ad97", 
        "func_name": "tvmgen_default_fused_nn_conv2d_add_clip_22", 
        "out_layout": "NCHW4c", 
        "flatten_data": "0"
      }, 
      "inputs": [
        [
          101, 
          0, 
          0
        ], 
        [
          102, 
          0, 
          0
        ], 
        [
          103, 
          0, 
          0
        ]
      ]
    }, 
    {
      "op": "null", 
      "name": "p68", 
      "inputs": []
    }, 
    {
      "op": "null", 
      "name": "p69", 
      "inputs": []
    }, 
    {
      "op": "tvm_op", 
      "name": "tvmgen_default_fused_nn_conv2d_add_clip_23", 
      "attrs": {
        "num_outputs": "1", 
        "num_inputs": "3", 
        "data_layout": "NCHW4c", 
        "kernel_layout": "OIHW4o", 
        "hash": "c013b724d4adde95", 
        "func_name": "tvmgen_default_fused_nn_conv2d_add_clip_23", 
        "out_layout": "NCHW4c", 
        "flatten_data": "0"
      }, 
      "inputs": [
        [
          104, 
          0, 
          0
        ], 
        [
          105, 
          0, 
          0
        ], 
        [
          106, 
          0, 
          0
        ]
      ]
    }, 
    {
      "op": "null", 
      "name": "p70", 
      "inputs": []
    }, 
    {
      "op": "null", 
      "name": "p71", 
      "inputs": []
    }, 
    {
      "op": "tvm_op", 
      "name": "tvmgen_default_fused_nn_conv2d_add_add_6", 
      "attrs": {
        "num_outputs": "1", 
        "num_inputs": "4", 
        "data_layout": "NCHW4c", 
        "kernel_layout": "OIHW4o", 
        "hash": "80a46674123ed415", 
        "func_name": "tvmgen_default_fused_nn_conv2d_add_add_6", 
        "out_layout": "NCHW4c", 
        "flatten_data": "0"
      }, 
      "inputs": [
        [
          107, 
          0, 
          0
        ], 
        [
          108, 
          0, 
          0
        ], 
        [
          109, 
          0, 
          0
        ], 
        [
          101, 
          0, 
          0
        ]
      ]
    }, 
    {
      "op": "null", 
      "name": "p72", 
      "inputs": []
    }, 
    {
      "op": "null", 
      "name": "p73", 
      "inputs": []
    }, 
    {
      "op": "tvm_op", 
      "name": "tvmgen_default_fused_nn_conv2d_add_clip_24", 
      "attrs": {
        "num_outputs": "1", 
        "num_inputs": "3", 
        "data_layout": "NCHW4c", 
        "kernel_layout": "OIHW4o", 
        "hash": "d360d5792f68ad97", 
        "func_name": "tvmgen_default_fused_nn_conv2d_add_clip_24", 
        "out_layout": "NCHW4c", 
        "flatten_data": "0"
      }, 
      "inputs": [
        [
          110, 
          0, 
          0
        ], 
        [
          111, 
          0, 
          0
        ], 
        [
          112, 
          0, 
          0
        ]
      ]
    }, 
    {
      "op": "null", 
      "name": "p74", 
      "inputs": []
    }, 
    {
      "op": "null", 
      "name": "p75", 
      "inputs": []
    }, 
    {
      "op": "tvm_op", 
      "name": "tvmgen_default_fused_nn_conv2d_add_clip_25", 
      "attrs": {
        "num_outputs": "1", 
        "num_inputs": "3", 
        "data_layout": "NCHW4c", 
        "kernel_layout": "OIHW4o", 
        "hash": "c013b724d4adde95", 
        "func_name": "tvmgen_default_fused_nn_conv2d_add_clip_25", 
        "out_layout": "NCHW4c", 
        "flatten_data": "0"
      }, 
      "inputs": [
        [
          113, 
          0, 
          0
        ], 
        [
          114, 
          0, 
          0
        ], 
        [
          115, 
          0, 
          0
        ]
      ]
    }, 
    {
      "op": "null", 
      "name": "p76", 
      "inputs": []
    }, 
    {
      "op": "null", 
      "name": "p77", 
      "inputs": []
    }, 
    {
      "op": "tvm_op", 
      "name": "tvmgen_default_fused_nn_conv2d_add_add_7", 
      "attrs": {
        "num_outputs": "1", 
        "num_inputs": "4", 
        "data_layout": "NCHW4c", 
        "kernel_layout": "OIHW4o", 
        "hash": "80a46674123ed415", 
        "func_name": "tvmgen_default_fused_nn_conv2d_add_add_7", 
        "out_layout": "NCHW4c", 
        "flatten_data": "0"
      }, 
      "inputs": [
        [
          116, 
          0, 
          0
        ], 
        [
          117, 
          0, 
          0
        ], 
        [
          118, 
          0, 
          0
        ], 
        [
          110, 
          0, 
          0
        ]
      ]
    }, 
    {
      "op": "null", 
      "name": "p78", 
      "inputs": []
    }, 
    {
      "op": "null", 
      "name": "p79", 
      "inputs": []
    }, 
    {
      "op": "tvm_op", 
      "name": "tvmgen_default_fused_nn_conv2d_add_clip_26", 
      "attrs": {
        "num_outputs": "1", 
        "num_inputs": "3", 
        "data_layout": "NCHW4c", 
        "kernel_layout": "OIHW4o", 
        "hash": "d360d5792f68ad97", 
        "func_name": "tvmgen_default_fused_nn_conv2d_add_clip_26", 
        "out_layout": "NCHW4c", 
        "flatten_data": "0"
      }, 
      "inputs": [
        [
          119, 
          0, 
          0
        ], 
        [
          120, 
          0, 
          0
        ], 
        [
          121, 
          0, 
          0
        ]
      ]
    }, 
    {
      "op": "null", 
      "name": "p80", 
      "inputs": []
    }, 
    {
      "op": "null", 
      "name": "p81", 
      "inputs": []
    }, 
    {
      "op": "tvm_op", 
      "name": "tvmgen_default_fused_nn_conv2d_add_clip_27", 
      "attrs": {
        "num_outputs": "1", 
        "num_inputs": "3", 
        "data_layout": "NCHW4c", 
        "kernel_layout": "OIHW4o", 
        "hash": "c013b724d4adde95", 
        "func_name": "tvmgen_default_fused_nn_conv2d_add_clip_27", 
        "out_layout": "NCHW4c", 
        "flatten_data": "0"
      }, 
      "inputs": [
        [
          122, 
          0, 
          0
        ], 
        [
          123, 
          0, 
          0
        ], 
        [
          124, 
          0, 
          0
        ]
      ]
    }, 
    {
      "op": "null", 
      "name": "p82", 
      "inputs": []
    }, 
    {
      "op": "null", 
      "name": "p83", 
      "inputs": []
    }, 
    {
      "op": "tvm_op", 
      "name": "tvmgen_default_fused_nn_conv2d_add_5", 
      "attrs": {
        "num_outputs": "1", 
        "num_inputs": "3", 
        "data_layout": "NCHW4c", 
        "kernel_layout": "OIHW4o", 
        "hash": "3cc69f2ebf48b237", 
        "func_name": "tvmgen_default_fused_nn_conv2d_add_5", 
        "out_layout": "NCHW4c", 
        "flatten_data": "0"
      }, 
      "inputs": [
        [
          125, 
          0, 
          0
        ], 
        [
          126, 
          0, 
          0
        ], 
        [
          127, 
          0, 
          0
        ]
      ]
    }, 
    {
      "op": "null", 
      "name": "p84", 
      "inputs": []
    }, 
    {
      "op": "null", 
      "name": "p85", 
      "inputs": []
    }, 
    {
      "op": "tvm_op", 
      "name": "tvmgen_default_fused_nn_conv2d_add_clip_28", 
      "attrs": {
        "num_outputs": "1", 
        "num_inputs": "3", 
        "data_layout": "NCHW4c", 
        "kernel_layout": "OIHW4o", 
        "hash": "eb308f3b44c3023f", 
        "func_name": "tvmgen_default_fused_nn_conv2d_add_clip_28", 
        "out_layout": "NCHW4c", 
        "flatten_data": "0"
      }, 
      "inputs": [
        [
          128, 
          0, 
          0
        ], 
        [
          129, 
          0, 
          0
        ], 
        [
          130, 
          0, 
          0
        ]
      ]
    }, 
    {
      "op": "null", 
      "name": "p86", 
      "inputs": []
    }, 
    {
      "op": "null", 
      "name": "p87", 
      "inputs": []
    }, 
    {
      "op": "tvm_op", 
      "name": "tvmgen_default_fused_nn_conv2d_add_clip_29", 
      "attrs": {
        "num_outputs": "1", 
        "num_inputs": "3", 
        "data_layout": "NCHW4c", 
        "kernel_layout": "OIHW4o", 
        "hash": "4b43d8717a35ef70", 
        "func_name": "tvmgen_default_fused_nn_conv2d_add_clip_29", 
        "out_layout": "NCHW4c", 
        "flatten_data": "0"
      }, 
      "inputs": [
        [
          131, 
          0, 
          0
        ], 
        [
          132, 
          0, 
          0
        ], 
        [
          133, 
          0, 
          0
        ]
      ]
    }, 
    {
      "op": "null", 
      "name": "p88", 
      "inputs": []
    }, 
    {
      "op": "null", 
      "name": "p89", 
      "inputs": []
    }, 
    {
      "op": "tvm_op", 
      "name": "tvmgen_default_fused_nn_conv2d_add_add_8", 
      "attrs": {
        "num_outputs": "1", 
        "num_inputs": "4", 
        "data_layout": "NCHW4c", 
        "kernel_layout": "OIHW4o", 
        "hash": "18f005d5b4fc692e", 
        "func_name": "tvmgen_default_fused_nn_conv2d_add_add_8", 
        "out_layout": "NCHW4c", 
        "flatten_data": "0"
      }, 
      "inputs": [
        [
          134, 
          0, 
          0
        ], 
        [
          135, 
          0, 
          0
        ], 
        [
          136, 
          0, 
          0
        ], 
        [
          128, 
          0, 
          0
        ]
      ]
    }, 
    {
      "op": "null", 
      "name": "p90", 
      "inputs": []
    }, 
    {
      "op": "null", 
      "name": "p91", 
      "inputs": []
    }, 
    {
      "op": "tvm_op", 
      "name": "tvmgen_default_fused_nn_conv2d_add_clip_30", 
      "attrs": {
        "num_outputs": "1", 
        "num_inputs": "3", 
        "data_layout": "NCHW4c", 
        "kernel_layout": "OIHW4o", 
        "hash": "eb308f3b44c3023f", 
        "func_name": "tvmgen_default_fused_nn_conv2d_add_clip_30", 
        "out_layout": "NCHW4c", 
        "flatten_data": "0"
      }, 
      "inputs": [
        [
          137, 
          0, 
          0
        ], 
        [
          138, 
          0, 
          0
        ], 
        [
          139, 
          0, 
          0
        ]
      ]
    }, 
    {
      "op": "null", 
      "name": "p92", 
      "inputs": []
    }, 
    {
      "op": "null", 
      "name": "p93", 
      "inputs": []
    }, 
    {
      "op": "tvm_op", 
      "name": "tvmgen_default_fused_nn_conv2d_add_clip_31", 
      "attrs": {
        "num_outputs": "1", 
        "num_inputs": "3", 
        "data_layout": "NCHW4c", 
        "kernel_layout": "OIHW4o", 
        "hash": "4b43d8717a35ef70", 
        "func_name": "tvmgen_default_fused_nn_conv2d_add_clip_31", 
        "out_layout": "NCHW4c", 
        "flatten_data": "0"
      }, 
      "inputs": [
        [
          140, 
          0, 
          0
        ], 
        [
          141, 
          0, 
          0
        ], 
        [
          142, 
          0, 
          0
        ]
      ]
    }, 
    {
      "op": "null", 
      "name": "p94", 
      "inputs": []
    }, 
    {
      "op": "null", 
      "name": "p95", 
      "inputs": []
    }, 
    {
      "op": "tvm_op", 
      "name": "tvmgen_default_fused_nn_conv2d_add_add_9", 
      "attrs": {
        "num_outputs": "1", 
        "num_inputs": "4", 
        "data_layout": "NCHW4c", 
        "kernel_layout": "OIHW4o", 
        "hash": "18f005d5b4fc692e", 
        "func_name": "tvmgen_default_fused_nn_conv2d_add_add_9", 
        "out_layout": "NCHW4c", 
        "flatten_data": "0"
      }, 
      "inputs": [
        [
          143, 
          0, 
          0
        ], 
        [
          144, 
          0, 
          0
        ], 
        [
          145, 
          0, 
          0
        ], 
        [
          137, 
          0, 
          0
        ]
      ]
    }, 
    {
      "op": "null", 
      "name": "p96", 
      "inputs": []
    }, 
    {
      "op": "null", 
      "name": "p97", 
      "inputs": []
    }, 
    {
      "op": "tvm_op", 
      "name": "tvmgen_default_fused_nn_conv2d_add_clip_32", 
      "attrs": {
        "num_outputs": "1", 
        "num_inputs": "3", 
        "data_layout": "NCHW4c", 
        "kernel_layout": "OIHW4o", 
        "hash": "eb308f3b44c3023f", 
        "func_name": "tvmgen_default_fused_nn_conv2d_add_clip_32", 
        "out_layout": "NCHW4c", 
        "flatten_data": "0"
      }, 
      "inputs": [
        [
          146, 
          0, 
          0
        ], 
        [
          147, 
          0, 
          0
        ], 
        [
          148, 
          0, 
          0
        ]
      ]
    }, 
    {
      "op": "null", 
      "name": "p98", 
      "inputs": []
    }, 
    {
      "op": "null", 
      "name": "p99", 
      "inputs": []
    }, 
    {
      "op": "tvm_op", 
      "name": "tvmgen_default_fused_nn_conv2d_add_clip_33", 
      "attrs": {
        "num_outputs": "1", 
        "num_inputs": "3", 
        "data_layout": "NCHW4c", 
        "kernel_layout": "OIHW4o", 
        "hash": "4b43d8717a35ef70", 
        "func_name": "tvmgen_default_fused_nn_conv2d_add_clip_33", 
        "out_layout": "NCHW4c", 
        "flatten_data": "0"
      }, 
      "inputs": [
        [
          149, 
          0, 
          0
        ], 
        [
          150, 
          0, 
          0
        ], 
        [
          151, 
          0, 
          0
        ]
      ]
    }, 
    {
      "op": "null", 
      "name": "p100", 
      "inputs": []
    }, 
    {
      "op": "null", 
      "name": "p101", 
      "inputs": []
    }, 
    {
      "op": "tvm_op", 
      "name": "tvmgen_default_fused_nn_conv2d_add_6", 
      "attrs": {
        "num_outputs": "1", 
        "num_inputs": "3", 
        "data_layout": "NCHW4c", 
        "kernel_layout": "OIHW4o", 
        "hash": "cf06f7db15b54eea", 
        "func_name": "tvmgen_default_fused_nn_conv2d_add_6", 
        "out_layout": "NCHW4c", 
        "flatten_data": "0"
      }, 
      "inputs": [
        [
          152, 
          0, 
          0
        ], 
        [
          153, 
          0, 
          0
        ], 
        [
          154, 
          0, 
          0
        ]
      ]
    }, 
    {
      "op": "tvm_op", 
      "name": "tvmgen_default_fused_nn_avg_pool2d", 
      "attrs": {
        "num_outputs": "1", 
        "out_layout": "", 
        "hash": "5ac95feec4b4c9d4", 
        "func_name": "tvmgen_default_fused_nn_avg_pool2d", 
        "layout": "NCHW4c", 
        "flatten_data": "0", 
        "num_inputs": "1"
      }, 
      "inputs": [
        [
          155, 
          0, 
          0
        ]
      ]
    }, 
    {
      "op": "null", 
      "name": "p102", 
      "inputs": []
    }, 
    {
      "op": "null", 
      "name": "p103", 
      "inputs": []
    }, 
    {
      "op": "tvm_op", 
      "name": "tvmgen_default_fused_nn_conv2d_add_nn_relu", 
      "attrs": {
        "num_outputs": "1", 
        "num_inputs": "3", 
        "data_layout": "NCHW4c", 
        "kernel_layout": "OIHW4o", 
        "hash": "c9df499f84bc1bc8", 
        "func_name": "tvmgen_default_fused_nn_conv2d_add_nn_relu", 
        "out_layout": "NCHW4c", 
        "flatten_data": "0"
      }, 
      "inputs": [
        [
          156, 
          0, 
          0
        ], 
        [
          157, 
          0, 
          0
        ], 
        [
          158, 
          0, 
          0
        ]
      ]
    }, 
    {
      "op": "null", 
      "name": "p104", 
      "inputs": []
    }, 
    {
      "op": "null", 
      "name": "p105", 
      "inputs": []
    }, 
    {
      "op": "tvm_op", 
      "name": "tvmgen_default_fused_nn_conv2d_add_nn_relu_1", 
      "attrs": {
        "num_outputs": "1", 
        "num_inputs": "3", 
        "data_layout": "NCHW4c", 
        "kernel_layout": "OIHW4o", 
        "hash": "8b5864dbba3ce745", 
        "func_name": "tvmgen_default_fused_nn_conv2d_add_nn_relu_1", 
        "out_layout": "NCHW4c", 
        "flatten_data": "0"
      }, 
      "inputs": [
        [
          155, 
          0, 
          0
        ], 
        [
          160, 
          0, 
          0
        ], 
        [
          161, 
          0, 
          0
        ]
      ]
    }, 
    {
      "op": "tvm_op", 
      "name": "tvmgen_default_fused_layout_transform_image_resize2d_layout_transform_concatenate_layout_transf_1bf4794317454c42_", 
      "attrs": {
        "num_outputs": "1", 
        "num_inputs": "2", 
        "layout": "NCHW", 
        "src_layout": "NCHW", 
        "flatten_data": "0", 
        "dst_layout": "NCHW4c", 
        "hash": "98b5b7701574a22f", 
        "func_name": "tvmgen_default_fused_layout_transform_image_resize2d_layout_transform_concatenate_layout_transf_1bf4794317454c42_"
      }, 
      "inputs": [
        [
          159, 
          0, 
          0
        ], 
        [
          162, 
          0, 
          0
        ]
      ]
    }, 
    {
      "op": "tvm_op", 
      "name": "__copy_1", 
      "attrs": {
        "num_outputs": "1", 
        "num_inputs": "1", 
        "func_name": "__copy", 
        "flatten_data": "0"
      }, 
      "inputs": [
        [
          163, 
          0, 
          0
        ]
      ]
    }, 
    {
      "op": "null", 
      "name": "p106", 
      "inputs": []
    }, 
    {
      "op": "null", 
      "name": "p107", 
      "inputs": []
    }, 
    {
      "op": "tvm_op", 
      "name": "tvmgen_default_fused_nn_conv2d_add_nn_relu_2", 
      "attrs": {
        "num_outputs": "1", 
        "num_inputs": "3", 
        "data_layout": "NCHW4c", 
        "kernel_layout": "OIHW4o", 
        "hash": "f680bc8f5628a6f8", 
        "func_name": "tvmgen_default_fused_nn_conv2d_add_nn_relu_2", 
        "out_layout": "NCHW4c", 
        "flatten_data": "0"
      }, 
      "inputs": [
        [
          164, 
          0, 
          0
        ], 
        [
          165, 
          0, 
          0
        ], 
        [
          166, 
          0, 
          0
        ]
      ]
    }, 
    {
      "op": "null", 
      "name": "p108", 
      "inputs": []
    }, 
    {
      "op": "null", 
      "name": "p109", 
      "inputs": []
    }, 
    {
      "op": "tvm_op", 
      "name": "tvmgen_default_fused_nn_conv2d_add_nn_relu_3", 
      "attrs": {
        "num_outputs": "1", 
        "num_inputs": "3", 
        "data_layout": "NCHW4c", 
        "kernel_layout": "OIHW4o", 
        "hash": "f6e483261b706493", 
        "func_name": "tvmgen_default_fused_nn_conv2d_add_nn_relu_3", 
        "out_layout": "NCHW4c", 
        "flatten_data": "0"
      }, 
      "inputs": [
        [
          26, 
          0, 
          0
        ], 
        [
          168, 
          0, 
          0
        ], 
        [
          169, 
          0, 
          0
        ]
      ]
    }, 
    {
      "op": "tvm_op", 
      "name": "tvmgen_default_fused_layout_transform_image_resize2d_layout_transform_concatenate_layout_transf_1bf4794317454c42__1", 
      "attrs": {
        "num_outputs": "1", 
        "num_inputs": "2", 
        "layout": "NCHW", 
        "src_layout": "NCHW", 
        "flatten_data": "0", 
        "dst_layout": "NCHW4c", 
        "hash": "3c3801bc7c563aae", 
        "func_name": "tvmgen_default_fused_layout_transform_image_resize2d_layout_transform_concatenate_layout_transf_1bf4794317454c42__1"
      }, 
      "inputs": [
        [
          167, 
          0, 
          0
        ], 
        [
          170, 
          0, 
          0
        ]
      ]
    }, 
    {
      "op": "tvm_op", 
      "name": "__copy_2", 
      "attrs": {
        "num_outputs": "1", 
        "num_inputs": "1", 
        "func_name": "__copy", 
        "flatten_data": "0"
      }, 
      "inputs": [
        [
          171, 
          0, 
          0
        ]
      ]
    }, 
    {
      "op": "null", 
      "name": "p110", 
      "inputs": []
    }, 
    {
      "op": "null", 
      "name": "p111", 
      "inputs": []
    }, 
    {
      "op": "tvm_op", 
      "name": "tvmgen_default_fused_nn_conv2d_add_nn_relu_4", 
      "attrs": {
        "num_outputs": "1", 
        "num_inputs": "3", 
        "data_layout": "NCHW4c", 
        "kernel_layout": "OIHW4o", 
        "hash": "df1e3f5321ffbe2f", 
        "func_name": "tvmgen_default_fused_nn_conv2d_add_nn_relu_4", 
        "out_layout": "NCHW4c", 
        "flatten_data": "0"
      }, 
      "inputs": [
        [
          172, 
          0, 
          0
        ], 
        [
          173, 
          0, 
          0
        ], 
        [
          174, 
          0, 
          0
        ]
      ]
    }, 
    {
      "op": "null", 
      "name": "p112", 
      "inputs": []
    }, 
    {
      "op": "null", 
      "name": "p113", 
      "inputs": []
    }, 
    {
      "op": "tvm_op", 
      "name": "tvmgen_default_fused_nn_conv2d_add_nn_relu_5", 
      "attrs": {
        "num_outputs": "1", 
        "num_inputs": "3", 
        "data_layout": "NCHW4c", 
        "kernel_layout": "OIHW4o", 
        "hash": "41f9c9c60a93837e", 
        "func_name": "tvmgen_default_fused_nn_conv2d_add_nn_relu_5", 
        "out_layout": "NCHW4c", 
        "flatten_data": "0"
      }, 
      "inputs": [
        [
          175, 
          0, 
          0
        ], 
        [
          176, 
          0, 
          0
        ], 
        [
          177, 
          0, 
          0
        ]
      ]
    }, 
    {
      "op": "null", 
      "name": "p114", 
      "inputs": []
    }, 
    {
      "op": "null", 
      "name": "p115", 
      "inputs": []
    }, 
    {
      "op": "tvm_op", 
      "name": "tvmgen_default_fused_nn_conv2d_add_nn_relu_6", 
      "attrs": {
        "num_outputs": "1", 
        "num_inputs": "3", 
        "data_layout": "NCHW4c", 
        "kernel_layout": "OIHW4o", 
        "hash": "46e710340b0bb620", 
        "func_name": "tvmgen_default_fused_nn_conv2d_add_nn_relu_6", 
        "out_layout": "NCHW4c", 
        "flatten_data": "0"
      }, 
      "inputs": [
        [
          178, 
          0, 
          0
        ], 
        [
          179, 
          0, 
          0
        ], 
        [
          180, 
          0, 
          0
        ]
      ]
    }, 
    {
      "op": "null", 
      "name": "p116", 
      "inputs": []
    }, 
    {
      "op": "null", 
      "name": "p117", 
      "inputs": []
    }, 
    {
      "op": "tvm_op", 
      "name": "tvmgen_default_fused_nn_conv2d_add_nn_relu_7", 
      "attrs": {
        "num_outputs": "1", 
        "num_inputs": "3", 
        "data_layout": "NCHW4c", 
        "kernel_layout": "OIHW4o", 
        "hash": "6869d19627a13419", 
        "func_name": "tvmgen_default_fused_nn_conv2d_add_nn_relu_7", 
        "out_layout": "NCHW4c", 
        "flatten_data": "0"
      }, 
      "inputs": [
        [
          181, 
          0, 
          0
        ], 
        [
          182, 
          0, 
          0
        ], 
        [
          183, 
          0, 
          0
        ]
      ]
    }, 
    {
      "op": "null", 
      "name": "p118", 
      "inputs": []
    }, 
    {
      "op": "null", 
      "name": "p119", 
      "inputs": []
    }, 
    {
      "op": "tvm_op", 
      "name": "tvmgen_default_fused_nn_conv2d_add_7", 
      "attrs": {
        "num_outputs": "1", 
        "num_inputs": "3", 
        "data_layout": "NCHW4c", 
        "kernel_layout": "OIHW4o", 
        "hash": "dddf7a0f5aba0dc2", 
        "func_name": "tvmgen_default_fused_nn_conv2d_add_7", 
        "out_layout": "NCHW4c", 
        "flatten_data": "0"
      }, 
      "inputs": [
        [
          184, 
          0, 
          0
        ], 
        [
          185, 
          0, 
          0
        ], 
        [
          186, 
          0, 
          0
        ]
      ]
    }, 
    {
      "op": "tvm_op", 
      "name": "tvmgen_default_fused_layout_transform_image_resize2d", 
      "attrs": {
        "num_outputs": "1", 
        "num_inputs": "1", 
        "layout": "NCHW", 
        "src_layout": "NCHW4c", 
        "flatten_data": "0", 
        "dst_layout": "NCHW", 
        "hash": "4749ef0f38f8cf16", 
        "func_name": "tvmgen_default_fused_layout_transform_image_resize2d"
      }, 
      "inputs": [
        [
          187, 
          0, 
          0
        ]
      ]
    }, 
    {
      "op": "tvm_op", 
      "name": "tvmgen_default_fused_argmax", 
      "attrs": {
        "num_outputs": "1", 
        "num_inputs": "1", 
        "flatten_data": "0", 
        "hash": "007420e1e4ea435f", 
        "func_name": "tvmgen_default_fused_argmax"
      }, 
      "inputs": [
        [
          188, 
          0, 
          0
        ]
      ]
    }
  ], 
  "arg_nodes": [
    0, 
    2, 
    3, 
    6, 
    7, 
    9, 
    10, 
    12, 
    13, 
    15, 
    16, 
    18, 
    19, 
    21, 
    22, 
    24, 
    25, 
    27, 
    28, 
    30, 
    31, 
    33, 
    34, 
    36, 
    37, 
    39, 
    40, 
    42, 
    43, 
    45, 
    46, 
    48, 
    49, 
    51, 
    52, 
    54, 
    55, 
    57, 
    58, 
    60, 
    61, 
    63, 
    64, 
    66, 
    67, 
    69, 
    70, 
    72, 
    73, 
    75, 
    76, 
    78, 
    79, 
    81, 
    82, 
    84, 
    85, 
    87, 
    88, 
    90, 
    91, 
    93, 
    94, 
    96, 
    97, 
    99, 
    100, 
    102, 
    103, 
    105, 
    106, 
    108, 
    109, 
    111, 
    112, 
    114, 
    115, 
    117, 
    118, 
    120, 
    121, 
    123, 
    124, 
    126, 
    127, 
    129, 
    130, 
    132, 
    133, 
    135, 
    136, 
    138, 
    139, 
    141, 
    142, 
    144, 
    145, 
    147, 
    148, 
    150, 
    151, 
    153, 
    154, 
    157, 
    158, 
    160, 
    161, 
    165, 
    166, 
    168, 
    169, 
    173, 
    174, 
    176, 
    177, 
    179, 
    180, 
    182, 
    183, 
    185, 
    186
  ], 
  "heads": [
    [
      189, 
      0, 
      0
    ]
  ], 
  "attrs": {
    "dltype": [
      "list_str", 
      [
        "float32", 
        "float32", 
        "float32", 
        "float32", 
        "float32", 
        "float32", 
        "float32", 
        "float32", 
        "float32", 
        "float32", 
        "float32", 
        "float32", 
        "float32", 
        "float32", 
        "float32", 
        "float32", 
        "float32", 
        "float32", 
        "float32", 
        "float32", 
        "float32", 
        "float32", 
        "float32", 
        "float32", 
        "float32", 
        "float32", 
        "float32", 
        "float32", 
        "float32", 
        "float32", 
        "float32", 
        "float32", 
        "float32", 
        "float32", 
        "float32", 
        "float32", 
        "float32", 
        "float32", 
        "float32", 
        "float32", 
        "float32", 
        "float32", 
        "float32", 
        "float32", 
        "float32", 
        "float32", 
        "float32", 
        "float32", 
        "float32", 
        "float32", 
        "float32", 
        "float32", 
        "float32", 
        "float32", 
        "float32", 
        "float32", 
        "float32", 
        "float32", 
        "float32", 
        "float32", 
        "float32", 
        "float32", 
        "float32", 
        "float32", 
        "float32", 
        "float32", 
        "float32", 
        "float32", 
        "float32", 
        "float32", 
        "float32", 
        "float32", 
        "float32", 
        "float32", 
        "float32", 
        "float32", 
        "float32", 
        "float32", 
        "float32", 
        "float32", 
        "float32", 
        "float32", 
        "float32", 
        "float32", 
        "float32", 
        "float32", 
        "float32", 
        "float32", 
        "float32", 
        "float32", 
        "float32", 
        "float32", 
        "float32", 
        "float32", 
        "float32", 
        "float32", 
        "float32", 
        "float32", 
        "float32", 
        "float32", 
        "float32", 
        "float32", 
        "float32", 
        "float32", 
        "float32", 
        "float32", 
        "float32", 
        "float32", 
        "float32", 
        "float32", 
        "float32", 
        "float32", 
        "float32", 
        "float32", 
        "float32", 
        "float32", 
        "float32", 
        "float32", 
        "float32", 
        "float32", 
        "float32", 
        "float32", 
        "float32", 
        "float32", 
        "float32", 
        "float32", 
        "float32", 
        "float32", 
        "float32", 
        "float32", 
        "float32", 
        "float32", 
        "float32", 
        "float32", 
        "float32", 
        "float32", 
        "float32", 
        "float32", 
        "float32", 
        "float32", 
        "float32", 
        "float32", 
        "float32", 
        "float32", 
        "float32", 
        "float32", 
        "float32", 
        "float32", 
        "float32", 
        "float32", 
        "float32", 
        "float32", 
        "float32", 
        "float32", 
        "float32", 
        "float32", 
        "float32", 
        "float32", 
        "float32", 
        "float32", 
        "float32", 
        "float32", 
        "float32", 
        "float32", 
        "float32", 
        "float32", 
        "float32", 
        "float32", 
        "float32", 
        "float32", 
        "float32", 
        "float32", 
        "float32", 
        "float32", 
        "float32", 
        "float32", 
        "float32", 
        "float32", 
        "float32", 
        "float32", 
        "float32", 
        "float32", 
        "float32", 
        "float32", 
        "float32", 
        "float32", 
        "float32", 
        "float32", 
        "float32", 
        "int32"
      ]
    ], 
    "storage_scope": [
      "list_str", 
      [
        "global", 
        "global", 
        "global", 
        "global", 
        "global", 
        "global.texture", 
        "global.texture-weight", 
        "global.texture-weight", 
        "global.texture", 
        "global.texture-weight", 
        "global.texture-weight", 
        "global.texture", 
        "global.texture-weight", 
        "global.texture-weight", 
        "global.texture", 
        "global.texture-weight", 
        "global.texture-weight", 
        "global.texture", 
        "global.texture-weight", 
        "global.texture-weight", 
        "global.texture", 
        "global.texture-weight", 
        "global.texture-weight", 
        "global.texture", 
        "global.texture-weight", 
        "global.texture-weight", 
        "global.texture", 
        "global.texture-weight", 
        "global.texture-weight", 
        "global.texture", 
        "global.texture-weight", 
        "global.texture-weight", 
        "global.texture", 
        "global.texture-weight", 
        "global.texture-weight", 
        "global.texture", 
        "global.texture-weight", 
        "global.texture-weight", 
        "global.texture", 
        "global.texture-weight", 
        "global.texture-weight", 
        "global.texture", 
        "global.texture-weight", 
        "global.texture-weight", 
        "global.texture", 
        "global.texture-weight", 
        "global.texture-weight", 
        "global.texture", 
        "global.texture-weight", 
        "global.texture-weight", 
        "global.texture", 
        "global.texture-weight", 
        "global.texture-weight", 
        "global.texture", 
        "global.texture-weight", 
        "global.texture-weight", 
        "global.texture", 
        "global.texture-weight", 
        "global.texture-weight", 
        "global.texture", 
        "global.texture-weight", 
        "global.texture-weight", 
        "global.texture-nhwc", 
        "global.texture-weight", 
        "global.texture-weight", 
        "global.texture", 
        "global.texture-weight", 
        "global.texture-weight", 
        "global.texture-nhwc", 
        "global.texture-weight", 
        "global.texture-weight", 
        "global.texture-nhwc", 
        "global.texture-weight", 
        "global.texture-weight", 
        "global.texture", 
        "global.texture-weight", 
        "global.texture-weight", 
        "global.texture-nhwc", 
        "global.texture-weight", 
        "global.texture-weight", 
        "global.texture-nhwc", 
        "global.texture-weight", 
        "global.texture-weight", 
        "global.texture", 
        "global.texture-weight", 
        "global.texture-weight", 
        "global.texture-nhwc", 
        "global.texture-weight", 
        "global.texture-weight", 
        "global.texture-nhwc", 
        "global.texture-weight", 
        "global.texture-weight", 
        "global.texture", 
        "global.texture-weight", 
        "global.texture-weight", 
        "global.texture-nhwc", 
        "global.texture-weight", 
        "global.texture-weight", 
        "global.texture-nhwc", 
        "global.texture-weight", 
        "global.texture-weight", 
        "global.texture", 
        "global.texture-weight", 
        "global.texture-weight", 
        "global.texture-nhwc", 
        "global.texture-weight", 
        "global.texture-weight", 
        "global.texture-nhwc", 
        "global.texture-weight", 
        "global.texture-weight", 
        "global.texture", 
        "global.texture-weight", 
        "global.texture-weight", 
        "global.texture-nhwc", 
        "global.texture-weight", 
        "global.texture-weight", 
        "global.texture-nhwc", 
        "global.texture-weight", 
        "global.texture-weight", 
        "global.texture", 
        "global.texture-weight", 
        "global.texture-weight", 
        "global.texture-nhwc", 
        "global.texture-weight", 
        "global.texture-weight", 
        "global.texture-nhwc", 
        "global.texture-weight", 
        "global.texture-weight", 
        "global.texture-nhwc", 
        "global.texture-weight", 
        "global.texture-weight", 
        "global.texture-nhwc", 
        "global.texture-weight", 
        "global.texture-weight", 
        "global.texture-nhwc", 
        "global.texture-weight", 
        "global.texture-weight", 
        "global.texture-nhwc", 
        "global.texture-weight", 
        "global.texture-weight", 
        "global.texture-nhwc", 
        "global.texture-weight", 
        "global.texture-weight", 
        "global.texture-nhwc", 
        "global.texture-weight", 
        "global.texture-weight", 
        "global.texture-nhwc", 
        "global.texture-weight", 
        "global.texture-weight", 
        "global.texture-nhwc", 
        "global.texture-weight", 
        "global.texture-weight", 
        "global.texture-nhwc", 
        "global.texture-weight", 
        "global.texture-weight", 
        "global.texture-nhwc", 
        "global.texture-nhwc", 
        "global.texture-weight", 
        "global.texture-weight", 
        "global", 
        "global.texture-weight", 
        "global.texture-weight", 
        "global", 
        "global", 
        "global.texture-nhwc", 
        "global.texture-weight", 
        "global.texture-weight", 
        "global", 
        "global.texture-weight", 
        "global.texture-weight", 
        "global", 
        "global", 
        "global.texture", 
        "global.texture-weight", 
        "global.texture-weight", 
        "global.texture", 
        "global.texture-weight", 
        "global.texture-weight", 
        "global.texture", 
        "global.texture-weight", 
        "global.texture-weight", 
        "global.texture", 
        "global.texture-weight", 
        "global.texture-weight", 
        "global.texture", 
        "global.texture-weight", 
        "global.texture-weight", 
        "", 
        "", 
        ""
      ]
    ], 
    "shape": [
      "list_shape", 
      [
        [1, 512, 512, 3], 
        [1, 3, 512, 512], 
        [8, 3, 3, 3, 4], 
        [1, 8, 1, 1, 4], 
        [1, 8, 256, 256, 4], 
        [1, 8, 256, 256, 4], 
        [8, 1, 3, 3, 4], 
        [1, 8, 1, 1, 4], 
        [1, 8, 256, 256, 4], 
        [4, 32, 1, 1, 4], 
        [1, 4, 1, 1, 4], 
        [1, 4, 256, 256, 4], 
        [24, 16, 1, 1, 4], 
        [1, 24, 1, 1, 4], 
        [1, 24, 256, 256, 4], 
        [24, 1, 3, 3, 4], 
        [1, 24, 1, 1, 4], 
        [1, 24, 128, 128, 4], 
        [6, 96, 1, 1, 4], 
        [1, 6, 1, 1, 4], 
        [1, 6, 128, 128, 4], 
        [36, 24, 1, 1, 4], 
        [1, 36, 1, 1, 4], 
        [1, 36, 128, 128, 4], 
        [36, 1, 3, 3, 4], 
        [1, 36, 1, 1, 4], 
        [1, 36, 128, 128, 4], 
        [6, 144, 1, 1, 4], 
        [1, 6, 1, 1, 4], 
        [1, 6, 128, 128, 4], 
        [36, 24, 1, 1, 4], 
        [1, 36, 1, 1, 4], 
        [1, 36, 128, 128, 4], 
        [36, 1, 3, 3, 4], 
        [1, 36, 1, 1, 4], 
        [1, 36, 64, 64, 4], 
        [8, 144, 1, 1, 4], 
        [1, 8, 1, 1, 4], 
        [1, 8, 64, 64, 4], 
        [48, 32, 1, 1, 4], 
        [1, 48, 1, 1, 4], 
        [1, 48, 64, 64, 4], 
        [48, 1, 3, 3, 4], 
        [1, 48, 1, 1, 4], 
        [1, 48, 64, 64, 4], 
        [8, 192, 1, 1, 4], 
        [1, 8, 1, 1, 4], 
        [1, 8, 64, 64, 4], 
        [48, 32, 1, 1, 4], 
        [1, 48, 1, 1, 4], 
        [1, 48, 64, 64, 4], 
        [48, 1, 3, 3, 4], 
        [1, 48, 1, 1, 4], 
        [1, 48, 64, 64, 4], 
        [8, 192, 1, 1, 4], 
        [1, 8, 1, 1, 4], 
        [1, 8, 64, 64, 4], 
        [48, 32, 1, 1, 4], 
        [1, 48, 1, 1, 4], 
        [1, 48, 64, 64, 4], 
        [48, 1, 3, 3, 4], 
        [1, 48, 1, 1, 4], 
        [1, 48, 32, 32, 4], 
        [16, 192, 1, 1, 4], 
        [1, 16, 1, 1, 4], 
        [1, 16, 32, 32, 4], 
        [96, 64, 1, 1, 4], 
        [1, 96, 1, 1, 4], 
        [1, 96, 32, 32, 4], 
        [96, 1, 3, 3, 4], 
        [1, 96, 1, 1, 4], 
        [1, 96, 32, 32, 4], 
        [16, 384, 1, 1, 4], 
        [1, 16, 1, 1, 4], 
        [1, 16, 32, 32, 4], 
        [96, 64, 1, 1, 4], 
        [1, 96, 1, 1, 4], 
        [1, 96, 32, 32, 4], 
        [96, 1, 3, 3, 4], 
        [1, 96, 1, 1, 4], 
        [1, 96, 32, 32, 4], 
        [16, 384, 1, 1, 4], 
        [1, 16, 1, 1, 4], 
        [1, 16, 32, 32, 4], 
        [96, 64, 1, 1, 4], 
        [1, 96, 1, 1, 4], 
        [1, 96, 32, 32, 4], 
        [96, 1, 3, 3, 4], 
        [1, 96, 1, 1, 4], 
        [1, 96, 32, 32, 4], 
        [16, 384, 1, 1, 4], 
        [1, 16, 1, 1, 4], 
        [1, 16, 32, 32, 4], 
        [96, 64, 1, 1, 4], 
        [1, 96, 1, 1, 4], 
        [1, 96, 32, 32, 4], 
        [96, 1, 3, 3, 4], 
        [1, 96, 1, 1, 4], 
        [1, 96, 32, 32, 4], 
        [24, 384, 1, 1, 4], 
        [1, 24, 1, 1, 4], 
        [1, 24, 32, 32, 4], 
        [144, 96, 1, 1, 4], 
        [1, 144, 1, 1, 4], 
        [1, 144, 32, 32, 4], 
        [144, 1, 3, 3, 4], 
        [1, 144, 1, 1, 4], 
        [1, 144, 32, 32, 4], 
        [24, 576, 1, 1, 4], 
        [1, 24, 1, 1, 4], 
        [1, 24, 32, 32, 4], 
        [144, 96, 1, 1, 4], 
        [1, 144, 1, 1, 4], 
        [1, 144, 32, 32, 4], 
        [144, 1, 3, 3, 4], 
        [1, 144, 1, 1, 4], 
        [1, 144, 32, 32, 4], 
        [24, 576, 1, 1, 4], 
        [1, 24, 1, 1, 4], 
        [1, 24, 32, 32, 4], 
        [144, 96, 1, 1, 4], 
        [1, 144, 1, 1, 4], 
        [1, 144, 32, 32, 4], 
        [144, 1, 3, 3, 4], 
        [1, 144, 1, 1, 4], 
        [1, 144, 32, 32, 4], 
        [40, 576, 1, 1, 4], 
        [1, 40, 1, 1, 4], 
        [1, 40, 32, 32, 4], 
        [240, 160, 1, 1, 4], 
        [1, 240, 1, 1, 4], 
        [1, 240, 32, 32, 4], 
        [240, 1, 3, 3, 4], 
        [1, 240, 1, 1, 4], 
        [1, 240, 32, 32, 4], 
        [40, 960, 1, 1, 4], 
        [1, 40, 1, 1, 4], 
        [1, 40, 32, 32, 4], 
        [240, 160, 1, 1, 4], 
        [1, 240, 1, 1, 4], 
        [1, 240, 32, 32, 4], 
        [240, 1, 3, 3, 4], 
        [1, 240, 1, 1, 4], 
        [1, 240, 32, 32, 4], 
        [40, 960, 1, 1, 4], 
        [1, 40, 1, 1, 4], 
        [1, 40, 32, 32, 4], 
        [240, 160, 1, 1, 4], 
        [1, 240, 1, 1, 4], 
        [1, 240, 32, 32, 4], 
        [240, 1, 3, 3, 4], 
        [1, 240, 1, 1, 4], 
        [1, 240, 32, 32, 4], 
        [80, 960, 1, 1, 4], 
        [1, 80, 1, 1, 4], 
        [1, 80, 32, 32, 4], 
        [1, 80, 1, 1, 4], 
        [64, 320, 1, 1, 4], 
        [1, 64, 1, 1, 4], 
        [1, 64, 1, 1, 4], 
        [64, 320, 1, 1, 4], 
        [1, 64, 1, 1, 4], 
        [1, 64, 32, 32, 4], 
        [1, 128, 32, 32, 4], 
        [1, 128, 32, 32, 4], 
        [64, 512, 1, 1, 4], 
        [1, 64, 1, 1, 4], 
        [1, 64, 32, 32, 4], 
        [12, 144, 1, 1, 4], 
        [1, 12, 1, 1, 4], 
        [1, 12, 128, 128, 4], 
        [1, 76, 128, 128, 4], 
        [1, 76, 128, 128, 4], 
        [76, 1, 3, 3, 4], 
        [1, 76, 1, 1, 4], 
        [1, 76, 128, 128, 4], 
        [64, 304, 1, 1, 4], 
        [1, 64, 1, 1, 4], 
        [1, 64, 128, 128, 4], 
        [64, 1, 3, 3, 4], 
        [1, 64, 1, 1, 4], 
        [1, 64, 128, 128, 4], 
        [64, 256, 1, 1, 4], 
        [1, 64, 1, 1, 4], 
        [1, 64, 128, 128, 4], 
        [8, 256, 1, 1, 4], 
        [1, 8, 1, 1, 4], 
        [1, 8, 128, 128, 4], 
        [1, 32, 512, 512], 
        [1, 512, 512]
      ]
    ], 
    "device_index": [
      "list_int", 
      [
        4, 
        4, 
        4, 
        4, 
        4, 
        4, 
        4, 
        4, 
        4, 
        4, 
        4, 
        4, 
        4, 
        4, 
        4, 
        4, 
        4, 
        4, 
        4, 
        4, 
        4, 
        4, 
        4, 
        4, 
        4, 
        4, 
        4, 
        4, 
        4, 
        4, 
        4, 
        4, 
        4, 
        4, 
        4, 
        4, 
        4, 
        4, 
        4, 
        4, 
        4, 
        4, 
        4, 
        4, 
        4, 
        4, 
        4, 
        4, 
        4, 
        4, 
        4, 
        4, 
        4, 
        4, 
        4, 
        4, 
        4, 
        4, 
        4, 
        4, 
        4, 
        4, 
        4, 
        4, 
        4, 
        4, 
        4, 
        4, 
        4, 
        4, 
        4, 
        4, 
        4, 
        4, 
        4, 
        4, 
        4, 
        4, 
        4, 
        4, 
        4, 
        4, 
        4, 
        4, 
        4, 
        4, 
        4, 
        4, 
        4, 
        4, 
        4, 
        4, 
        4, 
        4, 
        4, 
        4, 
        4, 
        4, 
        4, 
        4, 
        4, 
        4, 
        4, 
        4, 
        4, 
        4, 
        4, 
        4, 
        4, 
        4, 
        4, 
        4, 
        4, 
        4, 
        4, 
        4, 
        4, 
        4, 
        4, 
        4, 
        4, 
        4, 
        4, 
        4, 
        4, 
        4, 
        4, 
        4, 
        4, 
        4, 
        4, 
        4, 
        4, 
        4, 
        4, 
        4, 
        4, 
        4, 
        4, 
        4, 
        4, 
        4, 
        4, 
        4, 
        4, 
        4, 
        4, 
        4, 
        4, 
        4, 
        4, 
        4, 
        4, 
        4, 
        4, 
        4, 
        4, 
        4, 
        4, 
        4, 
        4, 
        4, 
        4, 
        4, 
        4, 
        4, 
        4, 
        4, 
        4, 
        4, 
        4, 
        4, 
        4, 
        4, 
        4, 
        4, 
        4, 
        4, 
        4, 
        4, 
        4, 
        4, 
        4, 
        4, 
        4, 
        4, 
        4, 
        4, 
        4, 
        4
      ]
    ], 
    "storage_id": [
      "list_int", 
      [
        0, 
        1, 
        2, 
        3, 
        4, 
        5, 
        6, 
        7, 
        8, 
        9, 
        10, 
        5, 
        11, 
        12, 
        8, 
        13, 
        14, 
        5, 
        15, 
        16, 
        8, 
        17, 
        18, 
        5, 
        19, 
        20, 
        21, 
        22, 
        23, 
        5, 
        24, 
        25, 
        8, 
        26, 
        27, 
        5, 
        28, 
        29, 
        8, 
        30, 
        31, 
        5, 
        32, 
        33, 
        34, 
        35, 
        36, 
        5, 
        37, 
        38, 
        34, 
        39, 
        40, 
        8, 
        41, 
        42, 
        34, 
        43, 
        44, 
        5, 
        45, 
        46, 
        47, 
        48, 
        49, 
        34, 
        50, 
        51, 
        47, 
        52, 
        53, 
        54, 
        55, 
        56, 
        5, 
        57, 
        58, 
        54, 
        59, 
        60, 
        47, 
        61, 
        62, 
        34, 
        63, 
        64, 
        47, 
        65, 
        66, 
        54, 
        67, 
        68, 
        5, 
        69, 
        70, 
        54, 
        71, 
        72, 
        47, 
        73, 
        74, 
        34, 
        75, 
        76, 
        47, 
        77, 
        78, 
        54, 
        79, 
        80, 
        5, 
        81, 
        82, 
        54, 
        83, 
        84, 
        47, 
        85, 
        86, 
        34, 
        87, 
        88, 
        47, 
        89, 
        90, 
        54, 
        91, 
        92, 
        47, 
        93, 
        94, 
        54, 
        95, 
        96, 
        97, 
        98, 
        99, 
        54, 
        100, 
        101, 
        97, 
        102, 
        103, 
        47, 
        104, 
        105, 
        97, 
        106, 
        107, 
        54, 
        108, 
        109, 
        97, 
        110, 
        111, 
        54, 
        97, 
        112, 
        113, 
        114, 
        115, 
        116, 
        117, 
        118, 
        97, 
        119, 
        120, 
        121, 
        122, 
        123, 
        124, 
        125, 
        21, 
        126, 
        127, 
        8, 
        128, 
        129, 
        34, 
        130, 
        131, 
        21, 
        132, 
        133, 
        34, 
        134, 
        135, 
        136, 
        137, 
        136
      ]
    ]
  }, 
  "node_row_ptr": [
    0, 
    1, 
    2, 
    3, 
    4, 
    5, 
    6, 
    7, 
    8, 
    9, 
    10, 
    11, 
    12, 
    13, 
    14, 
    15, 
    16, 
    17, 
    18, 
    19, 
    20, 
    21, 
    22, 
    23, 
    24, 
    25, 
    26, 
    27, 
    28, 
    29, 
    30, 
    31, 
    32, 
    33, 
    34, 
    35, 
    36, 
    37, 
    38, 
    39, 
    40, 
    41, 
    42, 
    43, 
    44, 
    45, 
    46, 
    47, 
    48, 
    49, 
    50, 
    51, 
    52, 
    53, 
    54, 
    55, 
    56, 
    57, 
    58, 
    59, 
    60, 
    61, 
    62, 
    63, 
    64, 
    65, 
    66, 
    67, 
    68, 
    69, 
    70, 
    71, 
    72, 
    73, 
    74, 
    75, 
    76, 
    77, 
    78, 
    79, 
    80, 
    81, 
    82, 
    83, 
    84, 
    85, 
    86, 
    87, 
    88, 
    89, 
    90, 
    91, 
    92, 
    93, 
    94, 
    95, 
    96, 
    97, 
    98, 
    99, 
    100, 
    101, 
    102, 
    103, 
    104, 
    105, 
    106, 
    107, 
    108, 
    109, 
    110, 
    111, 
    112, 
    113, 
    114, 
    115, 
    116, 
    117, 
    118, 
    119, 
    120, 
    121, 
    122, 
    123, 
    124, 
    125, 
    126, 
    127, 
    128, 
    129, 
    130, 
    131, 
    132, 
    133, 
    134, 
    135, 
    136, 
    137, 
    138, 
    139, 
    140, 
    141, 
    142, 
    143, 
    144, 
    145, 
    146, 
    147, 
    148, 
    149, 
    150, 
    151, 
    152, 
    153, 
    154, 
    155, 
    156, 
    157, 
    158, 
    159, 
    160, 
    161, 
    162, 
    163, 
    164, 
    165, 
    166, 
    167, 
    168, 
    169, 
    170, 
    171, 
    172, 
    173, 
    174, 
    175, 
    176, 
    177, 
    178, 
    179, 
    180, 
    181, 
    182, 
    183, 
    184, 
    185, 
    186, 
    187, 
    188, 
    189, 
    190
  ]
}